captured_at,date,source_platform,source_type,location_text,normalized_area,normalized_micro_spot,shore_vs_boat,species_mentions,schooling_signal,surface_activity_signal,size_signal,method_mentions,evidence_confidence,raw_excerpt,url_or_reference
2026-04-07T13:13:38,2024-03-23,xiaohongshu,xiaohongshu_browser_probe,hobart,hobart,,unknown,kingfish,unknown,unknown,unknown,,medium,"塔州Kingfish
Talking to the 慕
2024-03-23
48",https://www.xiaohongshu.com/explore/65fe772d000000001302571e
2026-04-07T13:13:38,2025-12-04,xiaohongshu,xiaohongshu_browser_probe,hobart,hobart,,unknown,,unknown,unknown,unknown,,low,"记录我在霍巴特钓过的🐟
地未衣来
2025-12-04
10",https://www.xiaohongshu.com/explore/6930b9ed000000000d036ce4
2026-04-07T13:13:38,2026-02-09,xiaohongshu,xiaohongshu_browser_probe,hobart,hobart,,unknown,snapper,unknown,unknown,unknown,,low,"圆梦大snapper啦～
爱打龟🐢的拍崽
02-09
37",https://www.xiaohongshu.com/explore/698993b1000000000e00cf65
2026-04-07T13:13:38,2024-06-23,xiaohongshu,xiaohongshu_browser_probe,tasmania,tasmania,,unknown,bream,unknown,unknown,unknown,,medium,"塔州黑鲷｜小装备大乐趣
Randolph舒
2024-06-23
80",https://www.xiaohongshu.com/explore/65e45c0600000000040013a3
2026-04-07T13:13:38,2026-03-24,xiaohongshu,xiaohongshu_browser_probe,tasmania,tasmania,,unknown,,unknown,unknown,unknown,,low,"一不小心就钓了那么多
翻山越岭
03-24
1",https://www.xiaohongshu.com/explore/69c241ef000000002800b67c
2026-04-07T13:13:38,2024-09-11,xiaohongshu,xiaohongshu_browser_probe,hobart,hobart,,unknown,,unknown,unknown,unknown,,low,"塔州霍巴特｜钓鱼佬每周末早出晚归鱼获大赏
Danlulu
2024-09-11
17",https://www.xiaohongshu.com/explore/66e15e3d0000000026031a98
2026-04-08T12:11:58,2024-03-23,xiaohongshu,xiaohongshu_march_batch_v1,hobart,hobart,,unknown,kingfish,unknown,unknown,large,,medium,"塔州Kingfish
塔州海钓第一条Kingfish也是钓鱼路的第一条。开始钓鱼一个多月就毕业了，是不是有点快？佐大师确实厉害！66的大鱼确实有力，来来回回拉扯十分钟，拉到浅滩拖上岸。
	
#Kingfish[话题]# #塔斯马尼亚[话题]##霍巴特[话题]##hobart[话题]# #钓鱼[话题]# #我的留学故事[话题]# #塔州日常[话题]# #塔州生活[话题]# #塔州海钓[话题]# #路亚[话题]# #钓鱼人[话题]#",https://www.xiaohongshu.com/search_result/65fe772d000000001302571e?xsec_token=ABgwDm2P6UxcJiy94ciR6Mm_OptWae5dk-fzVRBNbVV-8=&xsec_source=
2026-04-08T12:11:59,2026-03-03,xiaohongshu,xiaohongshu_march_batch_v1,hobart,hobart,,unknown,,unknown,unknown,decent,,medium,"鱿鱼杆拉澳三
老地方新配方，软杆细线大弯弓的感觉，仿佛拉大物一样，最近感觉软饵也挺不错，抛投距离也还可以，适口性也比铁板好#钓鱼人的快乐[话题]# #路亚[话题]# #塔斯马尼亚[话题]# #霍巴特[话题]#",https://www.xiaohongshu.com/search_result/69a6a0eb000000001d024798?xsec_token=ABbA2CSNIFpNgky2JAkoX5mhFROwxY_CqwN2IljeC3w4U=&xsec_source=
2026-04-08T12:12:00,2026-03-24,xiaohongshu,xiaohongshu_march_batch_v1,tasmania,tasmania,,unknown,mackerel,unknown,unknown,unknown,,medium,"一不小心就钓了那么多
第一次钓鱼
可以实现鲭鱼自由 🥳🥳
#塔州生活[话题]# #钓鱼[话题]##鲭鱼[话题]#",https://www.xiaohongshu.com/search_result/69c241ef000000002800b67c?xsec_token=ABfan_l_-WWNegpu0Qb9Iy9SGmm4cCGhT1l0NN5MnGPmY=&xsec_source=
2026-04-08T12:12:00,2024-03-20,xiaohongshu,xiaohongshu_march_batch_v1,hobart,hobart,,shore,,unknown,unknown,unknown,,medium,"复活节去哪儿钓？
北边钓得爽的shark bay，coral bay，exmouth
距离都比较远
南边近些，放眼望去，一堆选择，景点也不少
太多点没去过，也是挨个试探中
筛选条件：
远离人造海岸线（jetty，harbour）
最好是个半岛，有三个朝向
较为小众冷门钓点
礁石，珊瑚（沙滩钓不在考虑范围内）
有离岸风更佳
	
探钓还是老规矩，安全第一！浮潜也一样，尤其去无人区！
愿巨物与你同在[斜眼R]
#钓鱼[话题]# #西澳[话题]# #澳大利亚[话题]# #珀斯[话题]# #whv[话题]# #矶钓[话题]# #海钓[话题]# #钓点[话题]# #钓点分享[话题]# #澳洲[话题]# #澳洲海钓[话题]# #钓鱼人[话题]# #钓鱼人的快乐[话题]# #钓鱼佬[话题]# #澳洲钓友[话题]# #海鱼[话题]# #海[话题]# #浮潜[话题]# #旅游[话题]# #旅行[话题]# #小众旅行地[话题]#",https://www.xiaohongshu.com/search_result/65fa6fd50000000012036700?xsec_token=ABiNeoy9WLhQ-iJ_tlT7tZTir7HXnUaZe9Tgda-PljStw=&xsec_source=
2026-04-08T12:12:01,2026-03-17,xiaohongshu,xiaohongshu_march_batch_v1,hobart,hobart,,unknown,squid,unknown,unknown,unknown,,medium,"🌞✌️
#钓鱼人的快乐[话题]# #钓鱼[话题]# #钓鱿鱼[话题]##霍巴特[话题]# #塔州[话题]# #塔斯马尼亚[话题]# #霍巴特生活[话题]#",https://www.xiaohongshu.com/search_result/69b8935e000000002003aa54?xsec_token=ABrRDlZB8A4yNEvp8FbDtlJvTXwMBfRb45EvtmScMx9Ec=&xsec_source=
2026-04-08T15:06:30,2026-04-04,facebook,facebook_browser_probe,hobart,hobart,,boat,tuna,unknown,unknown,unknown,,medium,"Good Friday.. turned absolute ripper Friday with this Bluefin Tuna taking the lure after only a short troll! 40 minute fight. Team effort! Thanks for today guys enjoy your fresh Easter fish
76",https://www.facebook.com/mrflatheadtasmania/posts/pfbid0BZKhq9pDed6x4G2sakL6tXk2DLdEaf6hiJuLKFAutKwpZmbnRYKPf6n5ZZfebi4xl
2026-04-08T15:47:49,2026-04-08,facebook,facebook_browser_probe,tasmania,tasmania,,unknown,gummy_shark,unknown,unknown,large,,medium,"Easter Gummy!
1.6m
153",https://www.facebook.com/groups/365640693613260/posts/3433539046823394/
2026-04-08T16:26:59,2026-04-01,facebook,facebook_browser_probe,Kelso,kelso,,boat,australian_salmon,unknown,unknown,large,,medium,"3 salmon at once on a Sabiki. 30cm, 28cm, 26cm. Kelso 28/3/26 on 2500 reel 2-4kg rod.",https://www.facebook.com/groups/365640693613260/posts/3426105724233393/
2026-04-08T16:26:59,2026-04-06,facebook,facebook_browser_probe,Binalong Bay,binalong_bay,,unknown,squid,unknown,unknown,large,,medium,Few solid squid over the weekend Binalong bay. Happy Easter,https://www.facebook.com/groups/283165128726817/posts/2702338150142824/
2026-04-08T16:26:59,2026-01-02,facebook,facebook_browser_probe,Great Lake,great_lake,,unknown,trout,unknown,unknown,unknown,,medium,Was a good day and a half up great lake fish where patchy but managed to find some beter models 12 fish boated for the trip best fish was a super thick rainbow Sting cobras doing the damage yet again,https://www.facebook.com/groups/283165128726817/posts/2614775598899080/
2026-04-08T16:26:59,2026-01-03,facebook,facebook_browser_probe,Great Lake,great_lake,,unknown,trout,unknown,unknown,unknown,,medium,"Fished great lake again yesterday afternoon for a few hours, took the father inlaw and another good mate who were real keen to get onto some trout, landed 12 in total and kept 10 for a few feeds of fantastic conditioned trout, caught on a mix of diawa and rapalas, lofty cobras and a couple of my homemade cobra lures, the lake didn't let us down and the boys were stoked",https://www.facebook.com/groups/283165128726817/posts/2615342228842417/
2026-04-08T17:02:28,2025-11-06,facebook,facebook_browser_probe,Tasmania,tasmania,,unknown,bream,unknown,unknown,large,,medium,Caught this solid bream yesterday with a pretty serious gash!!!,https://www.facebook.com/groups/283165128726817/posts/2564737070569600/
2026-04-08T17:02:28,2025-11-04,facebook,facebook_browser_probe,Tasmania,tasmania,,unknown,trout,unknown,unknown,unknown,,medium,"Huge. Double figure trout caught in a 2 hr season. 1 of. 3. Caught an released
0:00 / 0:08",https://www.facebook.com/groups/283165128726817/posts/2563006770742630/
2026-04-08T17:03:31,2025-11-05,facebook,facebook_browser_probe,Tasmania,tasmania,,unknown,trout,unknown,unknown,unknown,,medium,Beautiful condition brown trout from Western Lakes,https://www.facebook.com/groups/283165128726817/posts/2563629120680395/
2026-04-08T17:13:00,2026-04-04,facebook,facebook_browser_probe,Eaglehawk Neck,eaglehawk_neck,,boat,tuna,unknown,unknown,large,,medium,Quick drag after setting the pots yiew (image-confirmed large tuna catch near Eaglehawk Neck),https://www.facebook.com/groups/283165128726817/posts/2699791333730839/
2026-04-08T17:13:41,2026-04-01,facebook,facebook_browser_probe,Lake Crescent,lake_crescent,,shore,trout,unknown,unknown,large,,medium,Up at Lake Cresant this morning... only the one fish (image-confirmed brown trout at Lake Crescent),https://www.facebook.com/groups/283165128726817/posts/2697484997294806/
2026-04-08T17:18:59,2026-03-22,facebook,facebook_browser_probe,Hobart,hobart,,unknown,australian_salmon;bream,unknown,unknown,unknown,,medium,"Had a very quick session on the Derwent this morning.
A couple bream and a couple good salmon on a custom painted lure",https://www.facebook.com/groups/283165128726817/posts/2687831854926787/
2026-04-08T17:19:09,2026-03-20,facebook,facebook_browser_probe,Great Lake,great_lake,,unknown,trout,unknown,unknown,unknown,,medium,"Good afternoon out on the Great Lake in the cider park bay, all caught on a gold cobra with red spots (image-confirmed multi-trout catch)",https://www.facebook.com/groups/283165128726817/posts/2685893558453950/
2026-04-08T17:19:19,2026-03-20,facebook,facebook_browser_probe,Tasmania,tasmania,,unknown,australian_salmon,unknown,unknown,unknown,,medium,"Caught some cocky salmon today ,guts full of what looks like a worm,olive green and up to 10 inches long , never seen them before",https://www.facebook.com/groups/283165128726817/posts/2685793848463921/
2026-04-08T17:49:51,2026-03-25,facebook,facebook_browser_probe,Lake Crescent,lake_crescent,,unknown,trout,unknown,unknown,unknown,,medium,"Back up to crescent this morning to get a couple more trips in before it shuts...
Ebony Forster and myself with a couple of nice Brown trout on the keitech soft plastics, we dropped a couple each aswell....slight breeze plenty jumping....",https://www.facebook.com/groups/283165128726817/posts/2690746237968682/
2026-04-08T17:51:32,2026-03-31,facebook,facebook_browser_probe,Derwent,derwent,,shore,trevally,unknown,unknown,unknown,,medium,Derwent is on fire even ticking off trevs in the Derwent,https://www.facebook.com/groups/283165128726817/posts/2696808654029107/
2026-04-08T18:12:49,2026-03-18,facebook,facebook_browser_probe,Lake Crescent,lake_crescent,,unknown,trout,unknown,unknown,unknown,,medium,Back up to crescent for a morning fish ... picked one up and lost a good one on keitech soft plastic (image-confirmed brown trout at Lake Crescent),https://www.facebook.com/groups/283165128726817/posts/2683831291993510/
2026-04-08T18:13:10,2026-03-16,facebook,facebook_browser_probe,Arthur River,arthur_river,,unknown,australian_salmon,unknown,unknown,decent,,medium,"Good couple days on the Arthur river!!!
Salmon went 80cm!!!",https://www.facebook.com/groups/283165128726817/posts/2682110032165636/
2026-04-08T18:13:30,2026-03-15,facebook,facebook_browser_probe,Hobart,hobart,,unknown,australian_salmon,unknown,unknown,unknown,,medium,Some soild salmon getting about at the moment,https://www.facebook.com/groups/283165128726817/posts/2680837832292856/
2026-04-08T18:16:34,2026-03-08,facebook,facebook_browser_probe,White Beach,white_beach,,shore,australian_salmon;squid,unknown,unknown,unknown,,medium,White Beach first fishing trip with mixed catch; image-assisted rescue indicates Australian salmon and squid.,https://www.facebook.com/groups/283165128726817/posts/2674883522888287/
2026-04-08T18:16:44,2026-03-07,facebook,facebook_browser_probe,East Coast Tasmania,east_coast_tasmania,,shore,australian_salmon,clear,unknown,unknown,,medium,"heading up the east coast yesterday and my mrs left her phone and wallet on the back of our ute and didn't realise until I got a call from her mother asking if she was ok, because her phone had sent a SOS msg that she'd had a crash when really her phone had just fallen off the back of the ute at the top of Bust Me Gall hall. But catching this salmon takes away the pain of loosing her phone, anyone selling a cheap tinny slide into my dms, caught it on bait which apparently doesn't happen often,
i",https://www.facebook.com/groups/283165128726817/posts/2674181546291818/
2026-04-08T18:16:55,2026-03-07,facebook,facebook_browser_probe,Derwent,derwent,,boat,bream,unknown,unknown,large,,medium,Derwent still got these monsters (image-confirmed large black bream from kayak/boat).,https://www.facebook.com/groups/283165128726817/posts/2674180809625225/
2026-04-08T18:32:41,2026-02-27,facebook,facebook_browser_probe,Tasmania,tasmania,,shore,snapper,unknown,unknown,unknown,,medium,Caught a nice snapper of shore,https://www.facebook.com/groups/283165128726817/posts/2666955730347733/
2026-04-08T18:34:03,2026-02-22,facebook,facebook_browser_probe,Lake Macintosh,lake_macintosh,,unknown,trout,unknown,unknown,unknown,,medium,"Ethan with a couple of brown trout out of the river below lake macintosh today ...both released caught on soft plastics...
0:00 / 0:07
0:00 / 0:08",https://www.facebook.com/groups/283165128726817/posts/2662084394168200/
2026-04-08T18:35:58,2026-02-18,facebook,facebook_browser_probe,Lake Crescent,lake_crescent,,unknown,trout,unknown,unknown,large,,medium,Lake Crescent morning session with daughters; Ebony holding a nice brownie (brown trout).,https://www.facebook.com/groups/283165128726817/posts/2658121494564490/
2026-04-08T18:41:02,2026-02-14,facebook,facebook_browser_probe,Tasmania,tasmania,,unknown,snapper,unknown,unknown,large,,medium,New south Tassie pb snapper. Went 830,https://www.facebook.com/groups/283165128726817/posts/2653859851657321/
2026-04-08T19:14:43,2026-02-04,facebook,facebook_browser_probe,Lake Crescent,lake_crescent,,unknown,trout,unknown,unknown,decent,,medium,"My two daughters and i whent back upto lake crescent this morning, India and Ebony both with a nice Brown trout each caught on a soft plastic olive pearl t.tail...we lost a couple aswell... all released...",https://www.facebook.com/groups/283165128726817/posts/2644261675950472/
2026-04-08T19:16:04,2026-01-28,facebook,facebook_browser_probe,East Coast Tasmania,east_coast_tasmania,,unknown,bream,unknown,unknown,large,,medium,Afew big fellas from the east coast,https://www.facebook.com/groups/283165128726817/posts/2638025279907445/
2026-04-08T19:18:12,2026-01-26,facebook,facebook_browser_probe,Lake Leake,lake_leake,,unknown,trout,unknown,unknown,large,,medium,Lake Leake weekend post; little brother snagged another donkey after the comp (treated as large trout catch).,https://www.facebook.com/groups/283165128726817/posts/2635569900152983/
2026-04-08T19:21:21,2026-01-21,facebook,facebook_browser_probe,Lake Plimsoll,lake_plimsoll,,unknown,trout,unknown,unknown,unknown,,medium,"My daughter INDIA with her first ever Brook Trout out of Lake Plimsol today, caught on a black and gold t.tail soft plastic, and released....",https://www.facebook.com/groups/283165128726817/posts/2631033877273252/
2026-04-08T19:21:51,2026-01-14,facebook,facebook_browser_probe,Penguin,penguin,,unknown,trout,unknown,unknown,unknown,,medium,"Ethan Forster and I went for a quick fish up the back of penguin after he finished work...Nice golden Brown trout
Caught on the soft plastic black and gold t,tail ..
Released for another day...",https://www.facebook.com/groups/283165128726817/posts/2625031617873478/
2026-04-08T19:22:22,2026-01-11,facebook,facebook_browser_probe,Lake Macintosh,lake_macintosh,,shore,trout,unknown,unknown,decent,,medium,"A crazy change in the weather at lake macintosh today down to 4 degrees...
It was hard going with 4 small Brown trout caught by my brother Sean and my son Ethan...",https://www.facebook.com/groups/283165128726817/posts/2622610404782266/
2026-04-08T19:24:11,2026-01-09,facebook,facebook_browser_probe,Tasmania,tasmania,,unknown,trout,unknown,unknown,unknown,,medium,"Nice little rainbow trout Ethan Forster is holding caught out of Talbot's Lagoon yesterday evening, caught on mudeye...",https://www.facebook.com/groups/283165128726817/posts/2620537398322900/
2026-04-08T19:25:13,2026-01-07,facebook,facebook_browser_probe,Kelso,kelso,,unknown,squid,unknown,unknown,decent,,medium,"Squid fishing is going alright at kelso
Bagged out Sunday and then caught a 40cm hood today",https://www.facebook.com/groups/283165128726817/posts/2619089055134401/
2026-04-08T19:27:18,2026-01-05,facebook,facebook_browser_probe,Derwent,derwent,,unknown,bream,unknown,unknown,unknown,,medium,"Caught this huge fish out of the Derwent today!
One day I’ll actually catch a bream",https://www.facebook.com/groups/283165128726817/posts/2617305871979386/
2026-04-08T19:27:59,2025-12-31,facebook,facebook_browser_probe,Tasmania,tasmania,,boat,tuna;australian_salmon,unknown,unknown,large,,medium,Unique Fishing Tours morning trip; image-assisted rescue indicates at least one large tuna plus multiple salmon-like fish on dock.,https://www.facebook.com/groups/283165128726817/posts/2613031219073518/
2026-04-08T19:28:40,2025-12-31,facebook,facebook_browser_probe,Tasmania,tasmania,,unknown,bream,unknown,unknown,decent,,medium,"47cm Bream my daughter caught yesterday at Midway Point causeway
1,444",https://www.facebook.com/groups/283165128726817/posts/2612686495774657/
2026-04-08T19:34:23,2025-12-29,facebook,facebook_browser_probe,Tasmania,tasmania,,unknown,australian_salmon,unknown,unknown,unknown,,medium,"Good session ￼this morning
0:00 / 0:09
0:00 / 0:05",https://www.facebook.com/groups/283165128726817/posts/2611125072597466/
2026-04-08T19:34:33,2025-12-29,facebook,facebook_browser_probe,Hobart,hobart,,shore,trout,unknown,unknown,unknown,,medium,Fly-fishing rivers and creeks north and south of Hobart; image-confirmed brown trout with multiple fish landed and more missed.,https://www.facebook.com/groups/283165128726817/posts/2611004999276140/
2026-04-08T19:34:43,2025-12-29,facebook,facebook_browser_probe,Tasmania,tasmania,,unknown,trout,unknown,unknown,large,,medium,2nd good fish for the season (image-confirmed brown trout trophy fish).,https://www.facebook.com/groups/283165128726817/posts/2610770972632876/
2026-04-08T19:35:04,2025-12-28,facebook,facebook_browser_probe,Derwent,derwent,,unknown,trevally,unknown,unknown,unknown,,medium,Few sambos and Tailor about the Derwent on change of tide,https://www.facebook.com/groups/283165128726817/posts/2610514869325153/
2026-04-08T19:35:34,2025-12-28,facebook,facebook_browser_probe,Tasmania,tasmania,,unknown,,unknown,unknown,decent,,medium,Caught using crabs Forth River,https://www.facebook.com/groups/283165128726817/posts/2610464369330203/
2026-04-08T19:46:09,2025-12-28,facebook,facebook_browser_probe,Lake Crescent,lake_crescent,,unknown,trout,unknown,unknown,unknown,,medium,"This morning Ethan , Ebony and myself whent to Lake crescent with no luck...so we fishd the Clyde River were Ethan got a nice Brownie on soft plastic and released it....Then we went to the western Lakes, we fished Carters lake and Ethan caught a nice Brownie there on a hard body ,released it aswell....the Wether was very hot and slight breeze....",https://www.facebook.com/groups/283165128726817/posts/2610368472673126/
2026-04-08T19:47:21,2025-12-23,facebook,facebook_browser_probe,Tasmania,tasmania,,unknown,snapper,unknown,unknown,decent,,medium,First snapper,https://www.facebook.com/groups/283165128726817/posts/2606526936390613/
2026-04-08T19:47:31,2025-12-21,facebook,facebook_browser_probe,Great Lake,great_lake,,unknown,,unknown,unknown,unknown,,medium,Great lake fished well this morning,https://www.facebook.com/groups/283165128726817/posts/2604447999931840/
2026-04-08T19:47:41,2025-12-20,facebook,facebook_browser_probe,Tasmania,tasmania,,boat,,unknown,unknown,decent,,medium,"Quick sessions this morning was
Wasn’t expecting much, on the water at 1030, light breeze and sunny! Great weather to be on the water, not great fishing conditions / timing.
First fish was a PB for Finn and the boat, went off the 40cm measure to the fork
fat as fat! Ended up throwing up a half digested fish in the well
I think we ended up with 7 eaters!
Back home for lunch",https://www.facebook.com/groups/283165128726817/posts/2603778786665428/
2026-04-08T19:52:21,2025-12-08,facebook,facebook_browser_probe,Eaglehawk Neck,eaglehawk_neck,,boat,tuna,unknown,unknown,large,,medium,"youtube video i’ve chucked together showcasing our wicked day on the water. biggest bluefin ever weighed in tasmanian waters. biggest of the 3 barrel bluefin we landed within the last 3 weekends, have a watch and enjoy, will be another barrel video coming shortly… cheers
— 和 Travis Conrades 、
其他 2 位用户
YOUTUBE.COM
160kg TASSIE BLUEFIN!! BIGGEST EVER CAUGHT IN TAS!!",https://www.facebook.com/groups/283165128726817/posts/2593557214354252/
2026-04-08T19:52:51,2025-12-07,facebook,facebook_browser_probe,Tasmania,tasmania,,unknown,trout,unknown,unknown,unknown,,medium,"Some nice rainbow trout from yesterday, all went 3 pound each caught 4 all up, the second photo was the first trout we caught.",https://www.facebook.com/groups/283165128726817/posts/2592371734472800/
2026-04-08T19:53:02,2025-12-06,facebook,facebook_browser_probe,Tamar River,tamar_river,,unknown,snapper,unknown,unknown,decent,,medium,First tamar river snapper for season.,https://www.facebook.com/groups/283165128726817/posts/2591873444522629/
2026-04-08T19:54:13,2025-12-06,facebook,facebook_browser_probe,Tasmania,tasmania,,unknown,kingfish,unknown,unknown,unknown,,medium,"Dad had to step in to land it but well done Ellie on her first land-based kingfish.
0:00 / 0:24",https://www.facebook.com/groups/283165128726817/posts/2591779821198658/
2026-04-08T19:54:23,2025-12-02,facebook,facebook_browser_probe,Tasmania,tasmania,,unknown,,unknown,unknown,unknown,,medium,We whent for a quick fish for a couple hours before dark tonight ... Ethan with a couple of nice Brownies....,https://www.facebook.com/groups/283165128726817/posts/2588543204855653/
2026-04-08T19:54:33,2025-12-02,facebook,facebook_browser_probe,Tasmania,tasmania,,unknown,trout,unknown,unknown,unknown,,medium,"Trout Classic
https://youtu.be/vgB1mqqpet8?si=SUFy872kqS5i2oHv
YOUTUBE.COM
Trout Classic 2025 - Right Decisions - Poor Execution",https://www.facebook.com/groups/283165128726817/posts/2588472141529426/
2026-04-08T19:54:43,2025-12-02,facebook,facebook_browser_probe,Tasmania,tasmania,,unknown,trout,unknown,unknown,unknown,,medium,"Trout Classic
https://youtu.be/vgB1mqqpet8?si=SUFy872kqS5i2oHv
YOUTUBE.COM
Trout Classic 2025 - Right Decisions - Poor Execution
还没有任何评论哦
抢沙发~",https://www.facebook.com/groups/283165128726817/posts/2588471944862779/
2026-04-08T19:54:53,2025-12-02,facebook,facebook_browser_probe,Tasmania,tasmania,,unknown,,unknown,clear,unknown,,medium,"Quick little mission this morning, beautiful conditions. 3 fish on 3 bites… all feeding on the surface, would have been nice for a few more to be moving…. The very low water level doesn’t held
2” berkley bulky hawg doing the damage
0:00 / 0:06",https://www.facebook.com/groups/283165128726817/posts/2588448061531834/
2026-04-08T20:38:31,2025-08-24,facebook,facebook_browser_probe,Tasmania,tasmania,,unknown,trout,unknown,unknown,unknown,,medium,Another one again tonight,https://www.facebook.com/groups/283165128726817/posts/2493896524320322/
2026-04-08T20:38:51,2025-08-24,facebook,facebook_browser_probe,Lake Plimsoll,lake_plimsoll,,unknown,trout,unknown,unknown,unknown,,medium,Ethan Forster with 4 pics of 5 Brook Trout he caught today at Lake Plimsol....,https://www.facebook.com/groups/283165128726817/posts/2493821240994517/
2026-04-08T20:39:01,2025-08-24,facebook,facebook_browser_probe,Lake Plimsoll,lake_plimsoll,,unknown,trout,unknown,unknown,unknown,,medium,Ebony Forster with 3 Brook Trout she caught today at Lake Plimsol. .....,https://www.facebook.com/groups/283165128726817/posts/2493677461008895/
2026-04-08T20:39:11,2025-08-23,facebook,facebook_browser_probe,Camden Dam,camden_dam,,unknown,trout,unknown,unknown,decent,,medium,"Camden Dam opener session; landed 7 trout for the afternoon and kept 3, biggest around 3 to 4 lb.",https://www.facebook.com/groups/283165128726817/posts/2492884854421489/
2026-04-08T20:40:23,2025-08-17,facebook,facebook_browser_probe,Four Springs,four_springs,,unknown,trout,unknown,unknown,small,,medium,"Bagged out at Four Springs; spinning and trolling session, trout bag reached.",https://www.facebook.com/groups/283165128726817/posts/2487341554975819/
2026-04-08T20:41:34,2025-08-30,facebook,facebook_browser_probe,New Norfolk,new_norfolk,,unknown,trout,unknown,unknown,large,,medium,5.5 lb sea-run trout caught in New Norfolk.,https://www.facebook.com/groups/283165128726817/posts/2499375740439067/
2026-04-08T20:41:44,2025-08-30,facebook,facebook_browser_probe,Tasmania,tasmania,,unknown,trout,unknown,unknown,decent,,medium,Nice catch and release,https://www.facebook.com/groups/283165128726817/posts/2499340283775946/
2026-04-08T20:41:55,2025-08-30,facebook,facebook_browser_probe,Tasmania,tasmania,,unknown,trout,unknown,unknown,unknown,,medium,"Wedge today
49
4
联系人
Meta AI
Shiyu Wu
Jiayi Li
1小时
Rabin Mandal
Dongyi Guo
26分钟
Ritesh Adalja",https://www.facebook.com/groups/283165128726817/posts/2499077373802237/
2026-04-08T20:42:25,2025-08-28,facebook,facebook_browser_probe,Tasmania,tasmania,,unknown,trout,unknown,unknown,decent,,medium,My first ever trout. Hooked on the sport straight up.,https://www.facebook.com/groups/283165128726817/posts/2497141267329181/
2026-04-08T20:42:45,2025-08-27,facebook,facebook_browser_probe,Tasmania,tasmania,,unknown,trout,unknown,unknown,unknown,,medium,"Starting to fill up and the fish were on
First double bag for the season and yes they all go back so chill out
And take your rubbish home with you",https://www.facebook.com/groups/283165128726817/posts/2496555957387712/
2026-04-08T20:42:56,2025-08-27,facebook,facebook_browser_probe,Tasmania,tasmania,,unknown,trout,unknown,unknown,large,,medium,Got the nice one I’ve been chasing,https://www.facebook.com/groups/283165128726817/posts/2496419277401380/
2026-04-08T20:44:39,2025-09-06,facebook,facebook_browser_probe,Bradys Lake,bradys_lake,,unknown,trout,unknown,unknown,decent,,medium,"Bradys Lake early-season trout landed on a black and gold t-tail, among snow conditions.",https://www.facebook.com/groups/283165128726817/posts/2505106343199340/
2026-04-08T20:45:00,2025-09-04,facebook,facebook_browser_probe,Tasmania,tasmania,,unknown,,unknown,unknown,unknown,,medium,Caught this absolute stonker in the Tamar this morning on a rapala countdown (spotted dog) released to be caught another day,https://www.facebook.com/groups/283165128726817/posts/2503260313383943/
2026-04-08T20:45:10,2025-09-02,facebook,facebook_browser_probe,Tasmania,tasmania,,unknown,trout,unknown,unknown,unknown,,medium,Here are my first trout of the season!!,https://www.facebook.com/groups/283165128726817/posts/2501615450215096/
2026-04-08T20:47:40,2025-04-29,facebook,facebook_browser_probe,Tasmania,tasmania,,shore,tuna,unknown,unknown,large,,medium,"As the cray season sadly comes to a close for most fishers, here's our most recent upload and the most memorable cray capture of the season for us.
Making the most of a weather window we headed South and were able to explore some sensational ground, bagging out with a 3kg cray from the depths of a rock pool cave and some solid bluefin tuna on the return journey!
YOUTUBE.COM
3KG CRAY in Caves and Rock Pools + 30KG TUNA!! (South Coast of Tasmania)",https://www.facebook.com/groups/365640693613260/posts/3069435476567088/
2026-04-08T20:48:41,2025-04-28,facebook,facebook_browser_probe,Lake Huntsman,lake_huntsman,,boat,trout,unknown,unknown,unknown,,medium,"Nice rainbow trout caught at Lake Huntsman, around 1.4kg.",https://www.facebook.com/groups/365640693613260/posts/3067568593420443/
2026-04-08T20:49:02,2025-04-28,facebook,facebook_browser_probe,Tasmania,tasmania,,unknown,,unknown,unknown,small,,medium,"My boy found himself locked on to a small one
0:00 / 1:19",https://www.facebook.com/groups/365640693613260/posts/3067982143379088/
2026-04-08T20:49:12,2025-04-27,facebook,facebook_browser_probe,Tasmania,tasmania,,unknown,tuna,unknown,unknown,small,,medium,"First ever tuna. Put up a good fight shame it was only one with the boys over the long weekend
Weather was good
Very small amount of birds and bait balls about but it was a good time",https://www.facebook.com/groups/365640693613260/posts/3067202166790419/
2026-04-08T20:49:22,2025-04-27,facebook,facebook_browser_probe,Tasmania,tasmania,,unknown,bream,unknown,unknown,large,,medium,Young fella got a nice bream today,https://www.facebook.com/groups/365640693613260/posts/3067223750121594/
2026-04-08T20:51:52,2025-04-30,facebook,facebook_browser_probe,Tasmania,tasmania,,unknown,striped_trumpeter,unknown,unknown,large,,medium,"Some great fishing of Bicheno a few months back
8FeetTravels · 和 kidswhoexploreaustralia 以及
其他 8 位用户
· 在 Bicheno
2025年4月30日
𝕋𝕒𝕤𝕤𝕚𝕖 𝔽𝕚𝕤𝕙𝕚𝕟𝕘 | 𝔹𝕚𝕔𝕙𝕖𝕟𝕠
From the ocean to the plate
So stoked to get out here for a few days, seriously couldn’t believe how deep it got out here (especially coming from Perth where it takes an hour plus to get to 100m +). We were fishing for Flattys in 30-40m just off the coast. I was going to bring my small jigging rod but we opted for the electrics
The big boi is called",https://www.facebook.com/groups/365640693613260/posts/3070897029754266/
2026-04-08T20:52:12,2025-04-30,facebook,facebook_browser_probe,Tasmania,tasmania,,unknown,flathead,unknown,unknown,unknown,,medium,Caught and released this nice flatty up north a couple of days ago .Can someone tell me what kind of flatly it is please? Was about 2ft Pb for me cheers,https://www.facebook.com/groups/365640693613260/posts/3070730056437630/
2026-04-08T20:52:42,2025-04-29,facebook,facebook_browser_probe,Bellerive,bellerive,,unknown,bream,unknown,unknown,unknown,,medium,"Another little Bellerive Bream, caught on sunset. Yeeewh",https://www.facebook.com/groups/365640693613260/posts/3069866693190633/
2026-04-08T21:12:05,2025-09-10,facebook,facebook_browser_probe,Lake Crescent,lake_crescent,,shore,,unknown,unknown,decent,,medium,"Broke my PB by some way today and with a foul hook in the tail fin! 70cm. Weight? Lost a big one recently, so I’m super happy to get my redemption. Shore based, Lake Crescent, 3.2” black and gold. Released for another day.",https://www.facebook.com/groups/283165128726817/posts/2509036369473004/
2026-04-08T21:13:16,2025-09-07,facebook,facebook_browser_probe,Tasmania,tasmania,,unknown,,unknown,unknown,unknown,,medium,Landed this stonker today a pb for me went 9lb,https://www.facebook.com/groups/283165128726817/posts/2506331953076779/
2026-04-08T21:13:26,2025-09-07,facebook,facebook_browser_probe,Tasmania,tasmania,,unknown,,unknown,unknown,decent,,medium,"not a bad father’s day. took the kids for a bit of a fish today. got a bit wet but managed to catch a nice fish. thanks for the info from another fisherman the other day.
0:00 / 0:11",https://www.facebook.com/groups/283165128726817/posts/2506268436416464/
2026-04-08T21:13:47,2025-09-07,facebook,facebook_browser_probe,Tasmania,tasmania,,unknown,,unknown,unknown,decent,,medium,Few nice ones to start the season,https://www.facebook.com/groups/283165128726817/posts/2506056936437614/
2026-04-08T21:13:57,2025-09-07,facebook,facebook_browser_probe,Derwent,derwent,,unknown,,unknown,unknown,unknown,,medium,"Couple of nice ones from the upper Derwent, caught on ecogear hardbody’s.
还没有任何评论哦
抢沙发~",https://www.facebook.com/groups/283165128726817/posts/2505632176480090/
2026-04-08T21:19:09,2023-11-21,facebook,facebook_browser_probe,Tasmania,tasmania,,unknown,,unknown,unknown,unknown,,medium,"Cracking day out fishing..— 和 Nicko Burry 、 Aaron Mitchell Pugsley
0:00 / 1:00",https://www.facebook.com/groups/283165128726817/posts/2001945263515453/
2026-04-08T21:19:19,2023-11-21,facebook,facebook_browser_probe,Tasmania,tasmania,,unknown,,unknown,unknown,decent,,medium,"Great day to beat a Pb and finely got over double figures
12 pounds",https://www.facebook.com/groups/283165128726817/posts/2001935243516455/
2026-04-08T21:21:13,2025-10-29,facebook,facebook_browser_probe,Tasmania,tasmania,,boat,tuna,unknown,unknown,large,,medium,"New PB for Jen and I....
2.0m measured and 1.4m around the girth it's a monster of a fish.
2 hr fight, 1 hr for the two of us to get it in the boat, 3 hrs to process it when we got home..... our Mako caught last year at 2.3m was longer but this tuna was way heavier at 140kg gilled and gutted.",https://www.facebook.com/groups/283165128726817/posts/2557101917999782/
2026-04-08T21:21:23,2025-10-29,facebook,facebook_browser_probe,Tasmania,tasmania,,shore,,unknown,unknown,large,,medium,Big King George whiting caught near wynyard,https://www.facebook.com/groups/283165128726817/posts/2556784278031546/
2026-04-08T21:21:33,2025-10-28,facebook,facebook_browser_probe,Tasmania,tasmania,,unknown,,unknown,unknown,large,,medium,Good day out with mate Zeke. Ended up getting a solid brown and heaps of good conditioned river fish.,https://www.facebook.com/groups/283165128726817/posts/2556282431415064/
2026-04-08T21:21:44,2025-10-28,facebook,facebook_browser_probe,Tasmania,tasmania,,unknown,,unknown,unknown,decent,,medium,"All fish on lures, great trip from qld to the lakes",https://www.facebook.com/groups/283165128726817/posts/2555926894783951/
2026-04-08T21:21:54,2025-10-26,facebook,facebook_browser_probe,Tasmania,tasmania,,unknown,trout,unknown,unknown,decent,,medium,"My son caught his first trout this weekend. 3.98 pound at 53cm. So proud
thanks Ben Glowacki for your guidance.",https://www.facebook.com/groups/283165128726817/posts/2554415201601787/
2026-04-08T21:22:35,2025-10-24,facebook,facebook_browser_probe,Derwent,derwent,,unknown,,unknown,unknown,decent,,medium,"A few from the river
0:00 / 0:11",https://www.facebook.com/groups/283165128726817/posts/2552274365149204/
2026-04-08T21:22:55,2025-10-22,facebook,facebook_browser_probe,Tasmania,tasmania,,unknown,trout,unknown,unknown,unknown,,medium,The rain didn’t stop us today. I landed a nice brown that went 6.4 pound an Matty landing his pb brown that went 4.7 Matt Featherstone,https://www.facebook.com/groups/283165128726817/posts/2550154845361156/
2026-04-08T21:29:13,2025-07-16,facebook,facebook_browser_probe,Tasmania,tasmania,,unknown,trout,unknown,unknown,unknown,,medium,Couple chromies (lake trout/chrome trout) caught on dusk.,https://www.facebook.com/groups/283165128726817/posts/2458162194560422/
2026-04-08T21:30:04,2025-07-06,facebook,facebook_browser_probe,Derwent,derwent,,unknown,trout,unknown,unknown,large,,medium,Monster brown trout landed in the Derwent River.,https://www.facebook.com/groups/283165128726817/posts/2449807825395859/
2026-04-08T21:31:59,2025-06-30,facebook,facebook_browser_probe,Tasmania,tasmania,,unknown,,unknown,unknown,unknown,,medium,"Des Taylor
Des Taylor Angling
Des Taylor
管理员
2025年6月29日
So now the official news is out when cormorants were given protection there were 2000 overwintering birds NOW there are 64000 and still going up. And still the RSPB will fight against a cull even if the numbers reached 250000 I wish our Angling Trust was as selfish instead of always worrying about what the public will say.
还没有任何评论哦
抢沙发~",https://www.facebook.com/groups/283165128726817/posts/2444317479278227/
2026-04-08T21:32:09,2025-06-29,facebook,facebook_browser_probe,Tasmania,tasmania,,unknown,bream,unknown,unknown,decent,,medium,"The bream are starting to get ready for winter. Tough bite, but still good fun on the lightly weighted resin head plastics and mussel lures",https://www.facebook.com/groups/283165128726817/posts/2443416379368337/
2026-04-08T21:32:19,2025-06-23,facebook,facebook_browser_probe,Eaglehawk Neck,eaglehawk_neck,,boat,striped_trumpeter,unknown,unknown,unknown,,medium,"Just sharing our fishing trip yesterday down at hyppolyte Rock eaglehawk neck, very happy with our catch stripey trumpeter
the best eating fish
Sarap na naman kain namin nito😉🎣 the best eating fish Stripey trumpeter 🎣
#fishingaustralia ##fishingtasmania #tasmanpeninsula #stripeytrumpeter #qui… 展开
Jimmy Charles · Fish On
Jimmy Charles · Fish On
Jimmy Charles · Fish On
Ranil Arcillas
· 关注
6月23日",https://www.facebook.com/groups/283165128726817/posts/2438173599892615/
2026-04-08T21:32:30,2025-06-18,facebook,facebook_browser_probe,Tasmania,tasmania,,unknown,australian_salmon,unknown,unknown,unknown,,medium,"https://youtu.be/6jn11iPBvCM?si=7AS_X4bFIG4c6nmV
YOUTUBE.COM
Hot Salmon Bite in St Helens Tasmania
还没有任何评论哦
抢沙发~",https://www.facebook.com/groups/283165128726817/posts/2433985366978105/
2026-04-08T21:33:31,2025-06-08,facebook,facebook_browser_probe,Derwent,derwent,,boat,trout,unknown,unknown,large,,medium,Many Trout being caught in the Derwent yet?? Cheers,https://www.facebook.com/groups/283165128726817/posts/2425065411203434/
2026-04-08T21:33:51,2025-06-03,facebook,facebook_browser_probe,Great Lake,great_lake,,unknown,trout,unknown,unknown,unknown,,medium,Nice rainbow we caught on Great Lake on Saturday,https://www.facebook.com/groups/283165128726817/posts/2420722071637768/
2026-04-08T21:34:52,2025-05-22,facebook,facebook_browser_probe,Derwent,derwent,,boat,shark,unknown,unknown,small,,medium,"Whats this, ????
Update,
Thanks for replys, it was released, only out for photo,",https://www.facebook.com/groups/283165128726817/posts/2410811739295468/
2026-04-08T21:37:04,2025-03-27,facebook,facebook_browser_probe,Tasmania,tasmania,,boat,mackerel;jack_mackerel;shark,unknown,unknown,unknown,,medium,If someone happens to snag a daiwa aird combo with multi coloured braid and a little split shot weight on the fluorocarbon line around the Connelly marsh point area I would love to get it back it accidentally went overboard this morning ( Thursday 27 th ),https://www.facebook.com/groups/283165128726817/posts/2358680127841963/
2026-04-08T21:37:34,2025-03-25,facebook,facebook_browser_probe,Tasmania,tasmania,,unknown,australian_salmon,unknown,unknown,large,,medium,"The salmon was thick off Ulverstone today even done my good deed for the day and gave these local kids a fish each, It was a very successful trip
0:00 / 0:12",https://www.facebook.com/groups/283165128726817/posts/2356920831351226/
2026-04-08T21:37:55,2025-03-23,facebook,facebook_browser_probe,Tasmania,tasmania,,unknown,trout,unknown,unknown,small,,medium,"Justin Stevens
2025年3月23日
What a ripper weekend! This weekend we headed to trout creek to compete in the second round of the Tasmanian Kayak Fishing Series. I think every one caught fish and 27 entries.
And now is the perfect time to go look at your very own HOBIE kayak at Tamar Marine as they are running a sale until the end of the month. Even managed a small comp this arvo and I managed to take home the prize!!
还没有任何评论哦
抢沙发~",https://www.facebook.com/groups/283165128726817/posts/2354907254885917/
2026-04-08T21:39:57,2025-03-12,facebook,facebook_browser_probe,Tasmania,tasmania,,unknown,squid,unknown,unknown,decent,,medium,Bit of shallow water Blue Spot action all out of about 50cm of water on 8lbd with the new temu $3.50 for 3 special lol,https://www.facebook.com/groups/283165128726817/posts/2344483649261611/
2026-04-08T21:41:58,2025-02-28,facebook,facebook_browser_probe,Derwent,derwent,,unknown,,unknown,unknown,large,,medium,"Got out on the Derwent today. Windy and no big fish, but still good fun",https://www.facebook.com/groups/283165128726817/posts/2334156466960996/
2026-04-08T21:42:29,2025-02-28,facebook,facebook_browser_probe,Tasmania,tasmania,,shore,kingfish;tuna,unknown,unknown,unknown,,medium,"A few fish from Fortesque Bay and off eagle hawk neck.
Gem fish and blue grenadier off the shelf (don't pick a gemfish up by the gills).. A huge cray (not mine) in 25m of water, A little Bluefin in 12m of water off the reef to the right of Lufra hotel (double hook up) and of note was a huge kingfish that smoked me off the blow hole at eagle hawk neck, he won the fight. Also an unconfirmed report of juvenile swordfish just off the surfbreak at eagle hawk neck and a confirmed report of a bluefing ",https://www.facebook.com/groups/283165128726817/posts/2333736970336279/
2026-04-08T21:42:39,2025-02-27,facebook,facebook_browser_probe,Tasmania,tasmania,,unknown,kingfish,unknown,unknown,unknown,,medium,"Kingfish bycatch, won’t say no. Good fight on the 2-4 kilo rod and 2500 reel.",https://www.facebook.com/groups/283165128726817/posts/2333064927070150/
2026-04-08T21:44:21,2025-02-16,facebook,facebook_browser_probe,Tasmania,tasmania,,unknown,trout,unknown,unknown,unknown,,medium,"Back up to Talbot's Lagoon this morning for a couple of hours fishing with my son Ethan...Very cool morning and windy after the snow yesterday in the highlands ...
We managed to get 3 nice Brown trout on the soft plastic all released....
The last two weeks we went up to Loongana
(Leven River) we did 4 trips using a celta in the rapids catching 20 brownies and 1 rainbow all thrown back ...was a great bit of fun ....",https://www.facebook.com/groups/283165128726817/posts/2323502671359709/
2026-04-08T21:44:51,2025-02-10,facebook,facebook_browser_probe,Tasmania,tasmania,,unknown,kingfish,unknown,unknown,unknown,,medium,"finally got one!
YOUTUBE.COM
Chasing KINGFISH! Freycinet National Park",https://www.facebook.com/groups/283165128726817/posts/2318681245175185/
2026-04-08T21:45:02,2025-02-10,facebook,facebook_browser_probe,Launceston,launceston,,unknown,trout,unknown,unknown,decent,,medium,"Check out the results from the first kayak event for the new Tasmanian Kayak Fishing Series
Tasmanian Kayak Fishing Series
Cameron Cole
管理员
2025年2月9日
Well what an awesome start to the inaugural Tasmanian Kayak Fishing Series with round 1 at Talbots lagoon run and won.
24 anglers hit the water in perfect fishing conditions on Saturday 7th Feb. At the end of the day, 21 anglers weighed in fish (via photos), with an overall length of 32.8 metres of brown and rainbow trout.
Big congrats to all of th",https://www.facebook.com/groups/283165128726817/posts/2318650108511632/
2026-04-08T21:45:22,2025-02-09,facebook,facebook_browser_probe,Tasmania,tasmania,,boat,shark,unknown,unknown,large,,medium,"Well what a day yesterday fishing the TCoT Rally with a plan set to catch a mako with conditions not the best . We stuck to our plan 5 hours with nothing ,then the bait was hit Shanae said Amber this one is yours with a short fight she had her first shark to the side of the boat a nice 60kg Blue Shark tagged and released. Next bait deployed a few minutes later we were on again with Shanae on the rod but with it letting go . Then the the big girl charged the boat so floated another bait out , 10 ",https://www.facebook.com/groups/283165128726817/posts/2317981171911859/
2026-04-08T21:46:03,2025-02-07,facebook,facebook_browser_probe,Tasmania,tasmania,,unknown,,unknown,unknown,unknown,,medium,"Wedge today
55
4
联系人
Meta AI
在线状态指示标
在线
Ritesh Adalja
Shiyu Wu
Jiayi Li
29分钟
Rabin Mandal",https://www.facebook.com/groups/283165128726817/posts/2316883068688336/
2026-04-08T21:46:33,2025-02-07,facebook,facebook_browser_probe,Tasmania,tasmania,,unknown,trout,unknown,unknown,large,,medium,"Called in to Risdon Dam to teach a client to cast. He started getting the hang of it with a black and gold t tail and ext thing he says “ my line feels heavy “
Just in case people are worried he is eligable to fish there in the designated zone with a carer who can fish with them.",https://www.facebook.com/groups/283165128726817/posts/2316720655371244/
2026-04-08T21:48:24,2025-01-28,facebook,facebook_browser_probe,Tasmania,tasmania,,boat,squid,unknown,unknown,unknown,,medium,"A quick morning session last week with Finn and Madeleine. At one point we had three whiting in the boat before I could get the chaos under control and put them in the livewell
Dad another one is on!
Gulps and squid bring them undone",https://www.facebook.com/groups/283165128726817/posts/2309498112760165/
2026-04-08T21:51:27,2025-01-15,facebook,facebook_browser_probe,Woods Lake,woods_lake,,unknown,trout,unknown,unknown,small,,medium,Nice little trout from Woods Lake.,https://www.facebook.com/groups/283165128726817/posts/2299284583781518/
2026-04-08T21:51:38,2025-01-15,facebook,facebook_browser_probe,Tasmania,tasmania,,unknown,trout,unknown,unknown,large,,medium,Nice solid trout that put up a fight in the Brumbys creek river on a soft plastic ended up putting him back in the water for someone else to hopefully experience the fight this guy puts out,https://www.facebook.com/groups/283165128726817/posts/2299282473781729/
2026-04-08T21:52:18,2025-01-13,facebook,facebook_browser_probe,Tasmania,tasmania,,boat,trout,unknown,unknown,unknown,,medium,Do you need a license to fish downstream from the bridge in Huonville.,https://www.facebook.com/groups/283165128726817/posts/2298187183891258/
2026-04-11T23:35:04,2025-12-04,xiaohongshu,xiaohongshu_search_crawl,hobart,hobart,,unknown,,unknown,unknown,unknown,,low,"region [ref=68] ""记录我在霍巴特钓过的🐟 10""",xhs_search_霍巴特钓鱼_20260411_231525.json
2026-04-11T23:35:04,2024-03-23,xiaohongshu,xiaohongshu_search_crawl,hobart,hobart,,unknown,kingfish,unknown,unknown,unknown,,medium,"region [ref=78] ""塔州Kingfish 48""",xhs_search_霍巴特钓鱼_20260411_231525.json
2026-04-11T23:35:04,2024-09-11,xiaohongshu,xiaohongshu_search_crawl,hobart,hobart,,unknown,,unknown,unknown,unknown,,low,"region [ref=98] ""塔州霍巴特｜钓鱼佬每周末早出晚归鱼获大赏 17""",xhs_search_霍巴特钓鱼_20260411_231525.json
2026-04-11T23:35:04,2025-02-12,xiaohongshu,xiaohongshu_search_crawl,hobart,hobart,,unknown,,unknown,unknown,unknown,,low,"region [ref=123] ""今年鱼获满满啊 15""",xhs_search_霍巴特钓鱼_20260411_231525.json
2026-04-11T23:35:04,2024-03-23,xiaohongshu,xiaohongshu_search_crawl,tasmania,tasmania,,unknown,kingfish,unknown,unknown,unknown,,medium,"region [ref=78] ""塔州Kingfish 48""",xhs_search_塔州钓鱼_20260411_231530.json
2026-04-11T23:35:04,2025-02-12,xiaohongshu,xiaohongshu_search_crawl,tasmania,tasmania,,unknown,,unknown,unknown,unknown,,low,"region [ref=123] ""今年鱼获满满啊 15""",xhs_search_塔州钓鱼_20260411_231530.json
2026-04-11T23:35:57,2024-03-23,xiaohongshu,xiaohongshu_search_crawl,hobart,hobart,,unknown,kingfish,unknown,unknown,unknown,,medium,"塔州Kingfish
Talking to the 慕
2024-03-23",xhs_search_霍巴特钓鱼_20260411_233544.json
2026-04-11T23:35:57,2024-09-11,xiaohongshu,xiaohongshu_search_crawl,hobart,hobart,,unknown,,unknown,unknown,unknown,,low,"塔州霍巴特｜钓鱼佬每周末早出晚归鱼获大赏
Danlulu
2024-09-11",xhs_search_霍巴特钓鱼_20260411_233544.json
2026-04-11T23:35:57,2025-12-09,xiaohongshu,xiaohongshu_search_crawl,hobart,hobart,,unknown,squid,unknown,unknown,unknown,,medium,"大风大浪大鱿鱼
爱学习的路亚小学生
2025-12-09",xhs_search_霍巴特钓鱼_20260411_233544.json
2026-04-11T23:35:57,2026-03-03,xiaohongshu,xiaohongshu_search_crawl,hobart,hobart,,unknown,squid,unknown,unknown,unknown,,low,"鱿鱼杆拉澳三
爱学习的路亚小学生
03-03",xhs_search_霍巴特钓鱼_20260411_233544.json
2026-04-11T23:35:58,2025-02-12,xiaohongshu,xiaohongshu_search_crawl,hobart,hobart,,unknown,,unknown,unknown,unknown,,low,"今年鱼获满满啊
村里的孩子
2025-02-12",xhs_search_霍巴特钓鱼_20260411_233544.json
2026-04-11T23:35:58,2025-02-12,xiaohongshu,xiaohongshu_search_crawl,tasmania,tasmania,,unknown,,unknown,unknown,unknown,,low,"今年鱼获满满啊
村里的孩子
2025-02-12",xhs_search_塔州钓鱼_20260411_233549.json
2026-04-11T23:35:58,2025-02-03,xiaohongshu,xiaohongshu_search_crawl,tasmania,tasmania,,unknown,,unknown,unknown,unknown,,low,"我的钓鱼日记 | 游钓塔斯马尼亚鱼获合集
充满疑问的一文
2025-02-03",xhs_search_塔州钓鱼_20260411_233549.json
2026-04-11T23:35:58,2026-03-03,xiaohongshu,xiaohongshu_search_crawl,tasmania,tasmania,,unknown,squid,unknown,unknown,unknown,,low,"鱿鱼杆拉澳三
爱学习的路亚小学生
03-03",xhs_search_塔州钓鱼_20260411_233549.json
2026-04-11T23:35:58,2025-12-04,xiaohongshu,xiaohongshu_search_crawl,hobart,hobart,,unknown,,unknown,unknown,unknown,,low,"记录我在霍巴特钓过的🐟
地未衣来
2025-12-04",xhs_search_霍巴特路亚_20260411_233553.json
2026-04-11T23:35:58,2024-01-10,xiaohongshu,xiaohongshu_search_crawl,hobart,hobart,,unknown,wrasse,unknown,unknown,unknown,,medium,"霍巴特钓鱼，Bellerive大彩衣！刺激！
如荼
2024-01-10",xhs_search_霍巴特路亚_20260411_233553.json
2026-04-11T23:35:58,2025-12-09,xiaohongshu,xiaohongshu_search_crawl,tasmania,tasmania,,unknown,squid,unknown,unknown,unknown,,medium,"大风大浪大鱿鱼
爱学习的路亚小学生
2025-12-09",xhs_search_塔斯马尼亚海钓_20260411_233557.json
2026-04-11T23:35:58,2024-03-23,xiaohongshu,xiaohongshu_search_crawl,tasmania,tasmania,,unknown,kingfish,unknown,unknown,unknown,,medium,"塔州Kingfish
Talking to the 慕
2024-03-23",xhs_search_塔斯马尼亚海钓_20260411_233557.json
2026-04-12T00:29:38,2026-04-12,facebook,facebook_browser_probe,Hobart,hobart,,boat,tuna,clear,unknown,unknown,,medium,Paul and his son Ziggy had Bluefin Tuna locked in as our target for the day. Fortunately we came across the motherload! From zero to 100 we had Tuna boiling and birds diving. Multiple double hookup and chaos! The odds were against us with rough weather and seals galore but managed to get a couple past our fury friends. Ziggy boated a ripper estimated 70kg+ Bluefin!,https://www.facebook.com/mrflatheadtasmania/posts/pfbid0315Jye8vBHts2fmEc4xa1QKHobpLodEtrfzwUHC9Qs9kuTbahu7MHxYrT8QUAKLVl
2026-04-12T22:01:26,2026-01-26,xiaohongshu,xiaohongshu_search_crawl,hobart,hobart,,unknown,wrasse,unknown,unknown,unknown,,low,"霍巴特钓青衣
爱学习的路亚小学生
01-26",xhs_search_霍巴特路亚_20260412_220122.json
2026-04-12T22:02:57,2026-04-12,facebook,facebook_browser_probe,Hobart,hobart,,boat,tuna,unknown,unknown,unknown,,medium,"Can't all be barrels
another beautiful Bluefin from today. Well done on the rod in tough conditions!
查看翻译",https://www.facebook.com/mrflatheadtasmania/posts/pfbid0M4wpzEpTtC1n36azxptW4zdpmj6XG8AcV1SaJ7yYQCuZzFMSFYG2yS5d6Eq6qNoHl
2026-04-12T22:02:57,2026-04-11,facebook,facebook_browser_probe,Hobart,hobart,,boat,tuna,clear,unknown,unknown,,medium,"Paul and his son Ziggy had Bluefin Tuna locked in as our target for the day. Fortunately we came across the motherload! From zero to 100 we had Tuna boiling and birds diving. Multiple double hookup and chaos! The odds were against us with rough weather and seals galore but managed to get a couple past our fury friends. Ziggy boated a ripper estimated 70kg+ Bluefin!
查看翻译",https://www.facebook.com/mrflatheadtasmania/posts/pfbid026rX2AK4k2jeyPDao1Z4BbPKvJ6Ak6wJ5hDmURzfcDmqRuzY3CHegCKsXHYBvZffQl
2026-04-12T22:02:57,2026-04-03,facebook,facebook_browser_probe,Hobart,hobart,,boat,tuna,unknown,unknown,unknown,,medium,"Good Friday.. turned absolute ripper Friday with this Bluefin Tuna taking the lure after only a short troll! 40 minute fight. Team effort! Thanks for today guys enjoy your fresh Easter fish
查看翻译",https://www.facebook.com/mrflatheadtasmania/posts/pfbid02F4TQRYCZrxFffeXwGwG3d8x95UCWfYwF9VC9aijhpVfJThyux9ickHttkCF4Atp6l
2026-04-12T22:02:57,2026-03-31,facebook,facebook_browser_probe,Hobart,hobart,,boat,tuna,unknown,unknown,unknown,,medium,"Stripey, Morwong and Latchet for the table. Tuna jumping last couple of days
查看翻译",https://www.facebook.com/mrflatheadtasmania/posts/pfbid027n2mjctJvzvXnaQpJCF7JJcDewqMuihZc66SFYnQ2RAsz9RCyBQJ8rk49Kss7b2Tl
2026-04-12T22:02:57,2026-03-15,facebook,facebook_browser_probe,Hobart,hobart,,boat,flathead,unknown,unknown,unknown,,medium,"Father and son out for a half day charter. Morwong were on fire giving the young fella plenty of action on the rod!
查看翻译
还没有任何评论哦
抢沙发~
写评论…",https://www.facebook.com/mrflatheadtasmania/posts/pfbid02YF7Bu5upAa7DqfV8wMJe6pZ7n4pwPxKDveX1xgURdN1maEC7DorXtPHZs1u2oerRl
2026-04-12T22:02:57,2026-03-11,facebook,facebook_browser_probe,Hobart,hobart,,boat,kingfish;striped_trumpeter,unknown,unknown,unknown,,medium,"The rain did not put a dampener on todays charter! Repeat customer Ashley and crew got their bag of Perch mixed in with a stray yellow tail kingfish on the bottom rig for something different. Finished off with a few ripper striped trumpeter. Thanks heaps for today guys!
查看翻译",https://www.facebook.com/mrflatheadtasmania/posts/pfbid0PUdFbT8DGTtJSkCPeDDa2UT1b7JAaKn2tUonc5ckB79irpfCMswsh5dp6vDzb4J7l
2026-04-12T22:02:57,2026-02-28,facebook,facebook_browser_probe,Hobart,hobart,,boat,flathead,unknown,unknown,decent,,medium,"Couple good stripey today 65 and 62cm throwing a couple undersized back. Also once again bagged out with ease on the flatties in Port Arthur...
查看翻译",https://www.facebook.com/mrflatheadtasmania/posts/pfbid0X5wiwfeaecmwoj2CY6EPcqQhtovbJPZQtJtide6DMA4uhnjarGUR7puH9toa48dRl
2026-04-12T22:04:36,2026-04-03,facebook,facebook_browser_probe,Tasmania,tasmania,,unknown,,unknown,unknown,unknown,,low,Quick drag after setting the pots yiew,https://www.facebook.com/groups/283165128726817/posts/2699791333730839/
2026-04-12T22:04:36,2026-04-02,facebook,facebook_browser_probe,Tasmania,tasmania,,unknown,bream;trevally,unknown,unknown,unknown,,medium,Is there any spots in Burnie area to get onto a Bream or a Trevally?,https://www.facebook.com/groups/283165128726817/posts/2698399387203367/
2026-04-12T22:04:36,2026-03-30,facebook,facebook_browser_probe,Tasmania,tasmania,,unknown,trout,unknown,unknown,large,,medium,"Maxim Vereshaka 在 Tasmania, Austraila
3月30日12:24
Fishing for Trophy Trout in Tasmania - up on You Tube #greatestfishingadventures #bigbrowntroutfishing #trophytrout #tasmania #
查看翻译
0:00 / 0:19",https://www.facebook.com/groups/283165128726817/posts/2695833537459952/
2026-04-12T22:06:15,2026-04-10,facebook,facebook_browser_probe,Tasmania,tasmania,,unknown,snapper,unknown,unknown,unknown,,medium,"My best snapper this year was the first one of the year caught on 6th October.6lb braid and leader with motor oil on a 2/0 headlock jig head.Heart stopping stuff.Water temp was only 12c a couple of days later.
查看翻译",https://www.facebook.com/groups/365640693613260/posts/3436468159863816/
2026-04-12T22:06:15,2026-04-07,facebook,facebook_browser_probe,Tasmania,tasmania,,unknown,australian_salmon,clear,clear,large,,medium,"Birds are still working and salmon are
busting up all up and down the Derwent.
查看翻译
0:00 / 0:16",https://www.facebook.com/groups/365640693613260/posts/3433230083520957/
2026-04-12T22:06:15,2026-04-06,facebook,facebook_browser_probe,Tasmania,tasmania,,shore,australian_salmon,unknown,unknown,large,,medium,A nice thumper my 14yo son caught tonight out port Sorrell way off the shore,https://www.facebook.com/groups/365640693613260/posts/3432577543586211/
2026-04-15T11:46:38,2026-02-09,xiaohongshu,xiaohongshu_search_crawl,hobart,hobart,,unknown,snapper,unknown,unknown,unknown,,low,"圆梦大snapper啦～
爱打龟🐢的拍崽
02-09",xhs_search_霍巴特钓鱼_20260412_231108.json
2026-04-15T11:48:56,2025-06-25,xiaohongshu,xiaohongshu_search_crawl,tasmania,tasmania,,unknown,kingfish,unknown,unknown,unknown,,medium,"西北塔Kingfish钓点
🙀...Tris🙀
2025-06-25",xhs_search_塔州钓鱼_20260415_114824.json
2026-04-15T11:48:56,2025-04-17,xiaohongshu,xiaohongshu_search_crawl,塔斯曼大桥 钓鱼,塔斯曼大桥_钓鱼,,unknown,tuna,unknown,unknown,unknown,,medium,"塔斯曼岛爆钓68kg蓝鳍金枪鱼
Lagwang-澳龙旅行TAS
2025-04-17",xhs_search_塔斯曼大桥_钓鱼_20260415_114842.json
2026-04-15T11:48:56,2025-08-09,xiaohongshu,xiaohongshu_search_crawl,south_arm,south_arm,,unknown,,unknown,unknown,unknown,,medium,"悉尼宝藏钓点分享，保姆级教程有手就上鱼！
悉尼海钓A大师
2025-08-09",xhs_search_South_Arm_钓鱼_20260415_114847.json
2026-04-15T11:48:56,2025-05-18,xiaohongshu,xiaohongshu_search_crawl,south_arm,south_arm,,shore,snapper,unknown,unknown,unknown,,medium,"墨尔本岸钓 Snapper🐟
ImKenny
2025-05-18",xhs_search_South_Arm_钓鱼_20260415_114847.json
2026-04-15T11:48:56,2025-11-25,xiaohongshu,xiaohongshu_search_crawl,kangaroo_bluff,kangaroo_bluff,,shore,,unknown,unknown,unknown,,medium,"这两年岸钓中鱼最多的“神饵”
普吉岸钓大队长
2025-11-25",xhs_search_Kangaroo_Bluff_钓鱼_20260415_114851.json
2026-04-15T11:48:56,2025-12-04,xiaohongshu,xiaohongshu_search_crawl,kangaroo_bluff,kangaroo_bluff,,unknown,,unknown,unknown,unknown,,medium,"记录我在霍巴特钓过的🐟
地未衣来
2025-12-04",xhs_search_Kangaroo_Bluff_钓鱼_20260415_114851.json
2026-04-15T11:48:56,2025-10-31,xiaohongshu,xiaohongshu_search_crawl,kangaroo_bluff,kangaroo_bluff,,unknown,kingfish,unknown,unknown,unknown,,medium,"那个让钓友“闻风丧胆”的Kingfish—它回来啦
KaozAngler
2025-10-31",xhs_search_Kangaroo_Bluff_钓鱼_20260415_114851.json
2026-04-15T11:48:56,2025-09-09,xiaohongshu,xiaohongshu_search_crawl,澳洲三文鱼 钓鱼,澳洲三文鱼_钓鱼,,unknown,australian_salmon,unknown,unknown,unknown,,medium,"猛钓一晚上澳洲三文鱼
Nuts
2025-09-09",xhs_search_澳洲三文鱼_钓鱼_20260415_114856.json
2026-04-15T11:48:56,2025-10-29,xiaohongshu,xiaohongshu_search_crawl,澳洲三文鱼 钓鱼,澳洲三文鱼_钓鱼,,unknown,australian_salmon,unknown,unknown,unknown,,medium,"探钓卧龙岗2，铁板路亚中澳洲三文鱼
三毛环澳游钓记
2025-10-29",xhs_search_澳洲三文鱼_钓鱼_20260415_114856.json
2026-04-15T11:48:56,2020-11-12,xiaohongshu,xiaohongshu_search_crawl,tasmania,tasmania,,unknown,australian_salmon,unknown,unknown,unknown,,medium,"塔州海钓｜澳洲三文鱼｜它们回来了
Randolph舒
2020-11-12",xhs_search_澳洲三文鱼_钓鱼_20260415_114856.json
2026-04-15T11:50:28,2026-04-13,facebook,facebook_browser_probe,Hobart,hobart,,boat,tuna,unknown,unknown,unknown,,medium,"Can't all be barrels
another beautiful Bluefin from today. Well done on the rod in tough conditions!
查看翻译",https://www.facebook.com/mrflatheadtasmania/posts/pfbid02QkEXsmUYv9jQpkqkzZZ1nwKHnCo9byfKCAn1aeyW6juy7YzAXHyk3wKTVCqAR81nl
2026-04-15T11:50:28,2026-03-15,facebook,facebook_browser_probe,Hobart,hobart,,boat,flathead,unknown,unknown,unknown,,medium,"Father and son out for a half day charter. Morwong were on fire giving the young fella plenty of action on the rod!
查看翻译
写评论…",https://www.facebook.com/mrflatheadtasmania/posts/pfbid02YYuiAbDHAeZFLxv5jsFy5iG21K44NxUzv6iiMmqS9fgVYKD5f7uCYjezxZosfDUil
2026-04-15T11:53:50,2026-04-11,facebook,facebook_browser_probe,Tasmania,tasmania,,unknown,snapper,unknown,unknown,unknown,,medium,"My best snapper this year was the first one of the year caught on 6th October.6lb braid and leader with motor oil on a 2/0 headlock jig head.Heart stopping stuff.Water temp was only 12c a couple of days later.
查看翻译",https://www.facebook.com/groups/365640693613260/posts/3436468159863816/
2026-04-15T11:53:50,2026-04-09,facebook,facebook_browser_probe,Tasmania,tasmania,,shore,snapper;tuna,unknown,unknown,large,,medium,"Best beaches for mixed bag fishing?
Will be dropping bait with a drone around 200m+ out
Would love to get a snapper also reeling in a tuna off the beach would be good
Anywhere that has big fish
查看翻译",https://www.facebook.com/groups/365640693613260/posts/3434407923403173/
2026-04-15T11:55:31,2025-11-04,facebook,facebook_browser_probe,Tasmania,tasmania,,unknown,trout,unknown,unknown,unknown,,medium,"The first of no doubt many to come out of the Derwent river for Tim Paradisis
Weighing in at approx 4lb,
Not long after being caught was put on the smoker for a great feed
查看翻译
写评论…",https://www.facebook.com/troutfishingtasmania/posts/pfbid0Hwsr3A2Y1LXPyDZMuDH56utrX7wiEck8rCS2LCVNbNGWyppgVgYtbVLayMLw4WN8l
2026-04-15T11:55:31,2022-08-21,facebook,facebook_browser_probe,Tasmania,tasmania,,unknown,trout,unknown,unknown,decent,,medium,"We love nothing more than people sending in their PBs great work will.
Got him at south riana yesterday afternoon my PB he was 3.6 pound and 58 cm.
查看翻译",https://www.facebook.com/troutfishingtasmania/posts/pfbid07Kc2sW4KDVNVBBean81Fkcfszizc63DP3xh4EWLgGjtia56ZYTnrfa72a2G2nAzYl
2026-04-15T11:55:31,2022-08-20,facebook,facebook_browser_probe,Tasmania,tasmania,,unknown,trout,unknown,unknown,unknown,,medium,"Here’s Lauren Whitaker with her ripping brown caught on opening weekend love your work
查看翻译",https://www.facebook.com/troutfishingtasmania/posts/pfbid09Wj2TQZyqbjGpJ6j5pPBGZ2vKC1z8m8JBzsuCGqGGsBzZtb2yuP3GMbhwsg1jwUml
2026-04-15T11:55:31,2022-08-13,facebook,facebook_browser_probe,Tasmania,tasmania,,unknown,trout,unknown,unknown,unknown,,medium,"Catch of the day goes to 15 year old beau skinner coming in at a ripping 8Ib we love our youngsters getting out on the weekend for a fish brilliant stuff. “Caught him in the river at brumbys creek on a killer wasp hawk sniper.”
查看翻译
Trout fishing tasmania
发消息",https://www.facebook.com/troutfishingtasmania/posts/pfbid02ihYyUyEX5cbvgKaCRtomEagNb297CiJJabtd3CQs3aTZgrGYGm7TrustbQPpoADEl
2026-04-15T13:18:03,2026-04-13,facebook,facebook_browser_probe,Tasmania,tasmania,,unknown,,unknown,unknown,unknown,,low,"Caught an elephantfish at Huon Yacht Club this afternoon, let it go after.",https://www.facebook.com/groups/365640693613260/posts/3438650146312284/
2026-04-17T23:26:07,2026-03-10,facebook,facebook_browser_probe,Tasmania,tasmania,,unknown,trout,unknown,unknown,decent,,medium,"Back up to Lake crescent this morning with both my daughters Ebony Forster and India Kate ...
We caught 3 nice Brown trout..caught on soft plastics.. great day with my girls....
0:00 / 0:00
Danny Mckay
Nice fish yous done well
5周
回复
Reels Sports Fish Tasmania Sports Fish Tasmania Sports Fish Tasmania Fishing in Tasmania Fishing in Tasmania Fishing in Tasmania Tasmanian Bird Sightings and Photography Tasmanian Bird Sightings and Photography Tasmanian Bird Sightings and Photography Kingston, Black",https://www.facebook.com/groups/283165128726817/posts/2676644299378876/
2026-04-17T23:26:07,2026-01-26,facebook,facebook_browser_probe,Tasmania,tasmania,,unknown,trout,unknown,unknown,small,,medium,"Up at lake macintosh this morning, sorry about the pics quality sun wasnt up...My daughter Ebony Forster with a 3.4 pound rainbow trout caught on soft plastic olive pearl and a small brown trout caught on a hard body ...was a hot day 29 degrees...
Liz Claridge
Nice catch
11周
回复
1
Jason Forster
Reels Sports Fish Tasmania Sports Fish Tasmania Sports Fish Tasmania Fishing in Tasmania Fishing in Tasmania Fishing in Tasmania Tasmanian Bird Sightings and Photography Tasmanian Bird Sightings and Photog",https://www.facebook.com/groups/283165128726817/posts/2635862586790381/
2026-04-17T23:31:30,2026-02-17,facebook,facebook_browser_probe,Tasmania,tasmania,,unknown,snapper,unknown,unknown,decent,,medium,"Snaps have been on
lately past three trips caught on two trips last trip getting 20+ even on the drop artificials were getting smashed couldn’t have had a better time with the boys when there on the chew like that most models around 70cm
Stephen Mace
How many do you need , looks like over kill to me.
8周
回复
1
Reels Sports Fish Tasmania Sports Fish Tasmania Sports Fish Tasmania Fishing in Tasmania Fishing in Tasmania Fishing in Tasmania Tasmanian Bird Sightings and Photography Tasmanian Bird Sight",https://www.facebook.com/groups/283165128726817/posts/2656947714681868/
2026-04-17T23:32:27,2026-04-01,facebook,facebook_browser_probe,Tasmania,tasmania,,unknown,shark,unknown,unknown,unknown,,medium,"Caught this saw shark and elephant shark for the first time put in a great fight and the bloody saw shark got me lol.
Lance Cashinella
Ghost shark mate!
2周
回复
全部9条回复
Reels Sports Fish Tasmania Sports Fish Tasmania Sports Fish Tasmania Fishing in Tasmania Fishing in Tasmania Fishing in Tasmania Tasmanian Bird Sightings and Photography Tasmanian Bird Sightings and Photography Tasmanian Bird Sightings and Photography Kingston, Blackmans Bay and Margate Fishing Kingston, Blackmans Bay and Margate Fi",https://www.facebook.com/groups/365640693613260/posts/3427083754135590/
2026-04-17T23:32:27,2026-04-02,facebook,facebook_browser_probe,Tasmania,tasmania,,unknown,wrasse,unknown,unknown,small,,medium,"caught my first leather-jacket last year but he was *abit* small, finally caught a good one today on my new rod- 2nd fish on the rod too, caught a puffer 1st then the third fish on the rod was a undersized wrasse
Zayden Lang
If you dont mind me asking where about did you get him at
2周
回复
1
Cameron Lowry
Zayden Lang Clarence Point, the small one is from beauty point
2周
回复
Reels Sports Fish Tasmania Sports Fish Tasmania Sports Fish Tasmania Fishing in Tasmania Fishing in Tasmania Fishing in Tasman",https://www.facebook.com/groups/365640693613260/posts/3428320124011953/
2026-04-17T23:32:27,2026-01-29,facebook,facebook_browser_probe,Tasmania,tasmania,,unknown,gummy_shark;shark,unknown,unknown,unknown,,medium,"Gabby's House Flinders island , Tasmania
1月29日
Should have seen the one that got away!!
This Gummy shark was caught by our former guest Danielle( Now Local)
Franklin Sound, lady barron, Flinders island
Jason Casey
Bloody awesome gummy ! It's gods country over there
11周
回复
Reels Sports Fish Tasmania Sports Fish Tasmania Sports Fish Tasmania Fishing in Tasmania Fishing in Tasmania Fishing in Tasmania Tasmanian Bird Sightings and Photography Tasmanian Bird Sightings and Photography Tasmanian Bird S",https://www.facebook.com/groups/365640693613260/posts/3360405820803384/
2026-04-17T23:34:11,2025-12-08,facebook,facebook_browser_probe,Tasmania,tasmania,,unknown,tuna,unknown,unknown,unknown,,medium,"Great day out yesterday! Landed this 89.1 kilo Bluefin Tuna. ( Clean, without guts). Can’t wait to get back out in the action!

Reels Sports Fish Tasmania Sports Fish Tasmania Sports Fish Tasmania Fishing in Tasmania Fishing in Tasmania Fishing in Tasmania Tasmanian Bird Sightings and Photography Tasmanian Bird Sightings and Photography Tasmanian Bird Sightings and Photography Kingston, Blackmans Bay and Margate Fishing Kingston, Blackmans Bay and Margate Fishing Kingston, Blackmans Bay and Marg",https://www.facebook.com/groups/365640693613260/posts/3307484502762183/
2026-04-17T23:35:08,2026-03-15,facebook,facebook_browser_probe,Tasmania,tasmania,,unknown,australian_salmon,clear,unknown,unknown,,medium,"Cocky salmon caught between Rosny point and the bridge this morning. Occasionally schooling. Occasionally on their own.
Tony Reeves
best gummy bait, salt it and sun dry it.
4周
回复
已编辑
1
Reels Sports Fish Tasmania Sports Fish Tasmania Sports Fish Tasmania Fishing in Tasmania Fishing in Tasmania Fishing in Tasmania Tasmanian Bird Sightings and Photography Tasmanian Bird Sightings and Photography Tasmanian Bird Sightings and Photography Kingston, Blackmans Bay and Margate Fishing Kingston, Blackmans",https://www.facebook.com/groups/365640693613260/posts/3408385612672071/
2026-04-17T23:35:08,2026-04-06,facebook,facebook_browser_probe,Tasmania,tasmania,,unknown,australian_salmon;mackerel,unknown,unknown,unknown,,medium,"Good day out, fishing behind Claremont Golf Club. People spread along the rocks, all catching Mackerel and Salmon. Birds were feeding on baitfish everywhere. Even a couple of seals got in on the action
Lance Rathbone
Nice trout, what did you get it one? Plastics or lures?
1周
回复
2
全部2条回复
Reels Sports Fish Tasmania Sports Fish Tasmania Sports Fish Tasmania Fishing in Tasmania Fishing in Tasmania Fishing in Tasmania Tasmanian Bird Sightings and Photography Tasmanian Bird Sightings and Photography T",https://www.facebook.com/groups/365640693613260/posts/3432605230250109/
2026-04-17T23:37:02,2026-04-04,facebook,facebook_browser_probe,Tasmania,tasmania,,shore,flathead;bream,unknown,unknown,unknown,,medium,"A couple of local resident’s released to grow bigger!
Kye Smith
He flathead is a breeder and definitely a release , the bream is a keeper if you eat them
1周
回复
1
全部3条回复
Mark Baker
Would have been great to see them returned ! but they both look dead as a rock .
Reels Sports Fish Tasmania Sports Fish Tasmania Sports Fish Tasmania Fishing in Tasmania Fishing in Tasmania Fishing in Tasmania Tasmanian Bird Sightings and Photography Tasmanian Bird Sightings and Photography Tasmanian Bird Sightings and",https://www.facebook.com/groups/365640693613260/posts/3430399373804028/
2026-04-17T23:37:03,2026-01-31,facebook,facebook_browser_probe,Tasmania,tasmania,,shore,flathead,unknown,unknown,large,,medium,"The young Fisherboy was keen this morning
we got to the jetty at 6:10am, it was so peaceful and relaxing
Bagged out on flathead, had a great fight with an Eagle Ray (released with kindness and off he went) and got broken off by something pretty large with savage head shakes
We got back at 11:10
time goes by quick when you're doing something you love
We'll done Vinny Boy
Selena Howard
Reels Sports Fish Tasmania Sports Fish Tasmania Sports Fish Tasmania Fishing in Tasmania Fishing in Tasmania Fish",https://www.facebook.com/groups/365640693613260/posts/3362481833929116/
2026-04-18T17:32:47,2025-11-10,facebook,facebook_browser_probe,Tasmania,tasmania,,unknown,trout,unknown,unknown,large,,medium,"Caught this nice brown trout on Saturday. My biggest so far.9 pound
Mick Gavan
Very nice
22周
回复
1
Dave Waddington
Wow ripper well done
22周
回复
2
Kerry Barwick
Did u use a big big lure ?
22周
Mackenzie Connell 和其他 145 位用户近期给你的帖子留下了心情 · Fishing in Tasmania。23小时 Mackenzie Connell 和其他 145 位用户近期给你的帖子留下了心情 · Fishing in Tasmania。 Mackenzie Connell 和其他 145 位用户近期给你的帖子留下了心情 · Fishing in Tasmania。 Kingston, Blackmans Bay and Margate Fishing Kingston, Blackmans Bay and Margate Fishing Kingston, Blackmans Bay ",https://www.facebook.com/groups/283165128726817/posts/2554369034939737/
2026-04-18T17:33:49,2026-02-10,facebook,facebook_browser_probe,Tasmania,tasmania,,unknown,trout,unknown,unknown,decent,,medium,"Just on our way home from Lake crescent, hard going but after 6 hours of casting and walking Ebony Forster got onto a not the best condition Brown trout but still a trout... It still had a great fight in it ...caught on a olive pearl soft plastic. .
She lost a good one aswell.......
Tim Wright
Hopefully that's from the clyde and not an indication of what the lake fish are like
9周
回复
4
全部2条回复
Danny Mckay
Hard yacking but paid off, nice fish awesome job
9周
回复
1
Mackenzie Connell 和其他 145 位用户近期给你的帖子",https://www.facebook.com/groups/283165128726817/posts/2650104722032834/
2026-04-18T17:37:34,2026-02-04,facebook,facebook_browser_probe,Tasmania,tasmania,,boat,flathead,unknown,unknown,unknown,,medium,"HEADS UP TAS FISHERS: MASSIVE RULE CHANGES INCOMING!
Start Date: 1 March 2026 (Less than a month away!)
If you fish the South East, the game is changing.
NO SAND FLATHEAD IN THE SOUTH EAST The entire South East zone is closing to Sand Flathead catch and possession. Bag Limit = 0. This includes Dover, Southport, all around Bruny Island, the D’Entrecasteaux Channel, the Derwent, and Frederick Henry/Norfolk Bays.
NEW STATEWIDE LANDING RULE Across the whole state, all flathead (Sand, Tiger, Rock, et",https://www.facebook.com/groups/283165128726817/posts/2644117525964887/
2026-04-18T17:38:48,2025-10-07,facebook,facebook_browser_probe,Tasmania,tasmania,,unknown,snapper,unknown,unknown,decent,,medium,"Caught yesterday morning in Port Phillip Bay. My new PB, 11.6KG
3,890
Hemi Tukuitonga
Great catch mate well done
27周
2
Matt Lee
Incredible effort, can’t wait for a break in the weather to get out there.
Thanks for sharing
27周
3
Jack Christopher回复了
1条回复
Mackenzie Connell 和其他 145 位用户近期给你的帖子留下了心情 · Fishing in Tasmania。23小时 Mackenzie Connell 和其他 145 位用户近期给你的帖子留下了心情 · Fishing in Tasmania。 Mackenzie Connell 和其他 145 位用户近期给你的帖子留下了心情 · Fishing in Tasmania。 Kingston, Blackmans Bay and Margate Fishing King",https://www.facebook.com/groups/871835728015446/posts/1310986790767002/
2026-04-18T17:40:06,2026-01-31,facebook,facebook_browser_probe,Tasmania,tasmania,,unknown,cod,unknown,unknown,unknown,,medium,"Anyone know what fish this is, caught on Wynyard wharf.
Edit: it was put back.
Update: have been in contact with fisheries and they said it is a Tasmanian Blenny.
Keenan Peck
Some sort of cod ?
11周
回复
1
Paul Stingel
Open up google and use the camera icon and it will identify what your taking a pic of
11周
回复
2
全部3条回复
Mackenzie Connell 和其他 145 位用户近期给你的帖子留下了心情 · Fishing in Tasmania。23小时 Mackenzie Connell 和其他 145 位用户近期给你的帖子留下了心情 · Fishing in Tasmania。 Mackenzie Connell 和其他 145 位用户近期给你的帖子留下了心情 · Fish",https://www.facebook.com/groups/365640693613260/posts/3362348807275752/
2026-04-18T22:03:18,2026-04-12,facebook,facebook_browser_probe,Hobart,hobart,,boat,tuna,unknown,unknown,unknown,,medium,"Can't all be barrels
another beautiful Bluefin from today. Well done on the rod in tough conditions!
查看翻译
another beautiful Bluefin from today. Well done on the rod in tough conditions!
查看翻译
71
2
1
",https://www.facebook.com/mrflatheadtasmania/posts/pfbid0M2SLfTaTFHUzopC6sC6XUKCumm86KyTciFBupKuwQMfkNFHijCu5YQY5fQC7iaVJl
2026-04-18T22:04:34,2026-04-18,facebook,facebook_browser_probe,Tasmania,tasmania,,shore,,unknown,unknown,unknown,,low,"Drone fishing. 150m out. Blue Bait. Good spot.
— Sisters Beach
James Mancey
D really like to try drones fishing one day, what gear do you have?
22分钟
回复
查看翻译
https://scontent.fmel18-1.fna.fbcdn.net/v/t15.5256-10/674478724_1422699966206472_6154233146386555751_n.jpg?stp=dst-jpg_p960x960_tt6&_nc_cat=1&ccb=1-7&_nc_sid=5fad0e&_nc_ohc=9GnC8dTC3GoQ7kNvwFOhPhT&_nc_oc=AdrU58JXrKSLGcEZXG8KhSnGvWX1fV6Haq7UzVpX0_nVe_QfJzXOi5VyksZBWqfLRuc&_nc_zt=23&_nc_ht=scontent.fmel18-1.fna&_nc_gid=vNAZRiKJuMkpr0rdWvTqEA&_",https://www.facebook.com/groups/365640693613260/posts/3444830865694212/
2026-04-19T10:41:14,2025-12-09,xiaohongshu,xiaohongshu_search_crawl,hobart,hobart,,unknown,squid,unknown,unknown,unknown,,medium,"大风大浪大鱿鱼
爱学习的路亚小学生
2025-12-09
50
霍巴特 鱿鱼",https://www.xiaohongshu.com/search_result/69377ce2000000000d00c88f?xsec_token=ABvINE_hkKvLn2Zc3i6trLM4rvd5mXNwBMiF_Dxtq3WBs=&xsec_source=
2026-04-19T00:51:07,2024-11-16,xiaohongshu,xiaohongshu_search_crawl,tasmania,tasmania,,unknown,squid,unknown,unknown,unknown,,medium,"kmart的杆wws的冷冻鱿鱼也能钓大软丝!
地图小王子🌍
2024-11-16
75
塔斯马尼亚海钓",https://www.xiaohongshu.com/search_result/67383afd000000001a034ba3?xsec_token=ABpB9_dxnolIERfiE8d16jHUTRGYfPGAB7Yf44ftL91zU=&xsec_source=
2026-04-19T09:10:26,2026-01-26,xiaohongshu,xiaohongshu_search_crawl,hobart,hobart,,unknown,wrasse,unknown,unknown,unknown,,low,"霍巴特钓青衣
爱学习的路亚小学生
01-26
33
霍巴特路亚",https://www.xiaohongshu.com/search_result/6977508900000000210292f2?xsec_token=ABCtaRFiFx7OdUi2TKRCnoVltm8X8Us7ob1IHpC0rhyqg=&xsec_source=
2026-04-19T00:51:39,2024-10-12,xiaohongshu,xiaohongshu_search_crawl,kangaroo_bluff,kangaroo_bluff,,unknown,,unknown,unknown,unknown,,medium,"袋鼠岛海钓过把瘾
澳洲考拉旅行
2024-10-12
7
Kangaroo Bluff 钓鱼",https://www.xiaohongshu.com/search_result/6709c716000000002c02bfdf?xsec_token=ABFO90nRV6uBB6VNCjh8NqMRwqOA5HMzdif82Ku-lKQO0=&xsec_source=
2026-04-19T09:10:36,2026-01-06,xiaohongshu,xiaohongshu_search_crawl,kangaroo_bluff,kangaroo_bluff,,unknown,,unknown,unknown,unknown,,low,"给大家推荐几个大白天也能上鱼的钓点
Ben
01-06
35
Kangaroo Bluff 钓鱼",https://www.xiaohongshu.com/search_result/695cc314000000002102a66e?xsec_token=ABTUlNeOsb-PZgM8PEBlZq_wJYBhJ_JWbLiuBrTNat4rs=&xsec_source=
2026-04-19T10:41:14,2025-02-18,xiaohongshu,xiaohongshu_search_crawl,hobart,hobart,,unknown,squid,unknown,unknown,unknown,,medium,"抽鱿鱼
爱学习的路亚小学生
2025-02-18
23
霍巴特 鱿鱼",https://www.xiaohongshu.com/search_result/67b3fd56000000000b015caf?xsec_token=ABjodQs42twnTMFuhh4iPRPINdchrF9lVtdJKHWNKnjTs=&xsec_source=
2026-04-19T10:41:14,2025-12-01,xiaohongshu,xiaohongshu_search_crawl,hobart,hobart,,unknown,squid,unknown,unknown,unknown,,medium,"钓了一年鱿鱼第一次中火箭鱿
爱学习的路亚小学生
2025-12-01
44
霍巴特 鱿鱼",https://www.xiaohongshu.com/search_result/692d75d0000000001b027501?xsec_token=ABeXhk3_6edbui4a2CFm6JYB5kXsvwIQsIDZSYUOnlNkE=&xsec_source=
2026-04-19T10:42:42,2025-10-01,xiaohongshu,xiaohongshu_search_crawl,hobart,hobart,,unknown,squid,unknown,unknown,unknown,,medium,"鱿鱼王被钓
爱学习的路亚小学生
2025-10-01
39
霍巴特 鱿鱼",https://www.xiaohongshu.com/search_result/68db7045000000000300d3c9?xsec_token=ABjzzyiS_0q4E-kaR5-G3GS7lG9Q-r-cSKJ-2MNPy0Flk=&xsec_source=
2026-04-19T10:43:09,2025-12-07,xiaohongshu,xiaohongshu_search_crawl,hobart,hobart,,unknown,kingfish,unknown,unknown,unknown,,medium,"塔州的Kingfish季节开始了
🐳
2025-12-07
29
霍巴特 kingfish",https://www.xiaohongshu.com/search_result/69354893000000001e00436c?xsec_token=AB_CfQjSUtMmTF2_sP98GqdU17fv4Dxwv26Pu_sjJoa94=&xsec_source=
2026-04-19T10:43:09,2025-06-25,xiaohongshu,xiaohongshu_search_crawl,hobart,hobart,,unknown,kingfish,unknown,unknown,unknown,,medium,"西北塔Kingfish钓点
🙀...Tris🙀
2025-06-25
19
霍巴特 kingfish",https://www.xiaohongshu.com/search_result/685b88aa00000000170322b1?xsec_token=AB_7hPgr9ifpQ_v-NQvy9VoYRPtGbsFB8dxh1aMCplF9s=&xsec_source=
2026-04-19T10:43:09,2024-12-30,xiaohongshu,xiaohongshu_search_crawl,hobart,hobart,,unknown,kingfish,unknown,unknown,unknown,,medium,"钓鱼佬老公第一条kingfish是什么水平？
爱打龟🐢的拍崽
2024-12-30
132
霍巴特 kingfish",https://www.xiaohongshu.com/search_result/677215d5000000000900c801?xsec_token=AB3dp9kBikKGoN2ouPexsBBgpxtV5sPzHxwEdDMbysCPw=&xsec_source=
2026-04-19T10:43:09,2026-02-03,xiaohongshu,xiaohongshu_search_crawl,hobart,hobart,,unknown,kingfish,unknown,unknown,unknown,,low,"从1.3米 kingfish到鲜掉眉毛的carpaccio
感觉带你云渔猎
02-03
58
霍巴特 kingfish",https://www.xiaohongshu.com/search_result/6981a5e4000000002202f03e?xsec_token=AB8WELLaNxfoMCSxdP9VZ6_Xch460_pt9-uv24WuceOkU=&xsec_source=
2026-04-19T10:43:09,2025-03-20,xiaohongshu,xiaohongshu_search_crawl,hobart,hobart,,unknown,kingfish,unknown,unknown,unknown,,medium,"kingfish处理初尝试
云云云雀
2025-03-20
39
霍巴特 kingfish",https://www.xiaohongshu.com/search_result/67dc1011000000000900ef8f?xsec_token=ABrLKy03ZeMAsba_qyYsM51-v5yF1Dy2h7Jpk1aMSVCC8=&xsec_source=
2026-04-19T10:43:30,2024-05-02,xiaohongshu,xiaohongshu_search_crawl,tasmania,tasmania,,unknown,kingfish,unknown,unknown,unknown,,medium,"塔州Kingfish黄尾𫚕路亚完整视频
Randolph舒
2024-05-02
43
塔州 kingfish",https://www.xiaohongshu.com/search_result/65940bfb000000001d026f4a?xsec_token=ABufuK3SIeTpmWs7NQ8i2ZDpaJiW15SY-tYiiAeHhalN8=&xsec_source=
2026-04-19T10:43:30,2024-02-05,xiaohongshu,xiaohongshu_search_crawl,tasmania,tasmania,,unknown,kingfish,unknown,unknown,unknown,,medium,"终于解锁塔州的Kingfish
渔夫不吃鱼
2024-02-05
38
塔州 kingfish",https://www.xiaohongshu.com/search_result/65c0d70a000000002b03f972?xsec_token=ABqFOaY87ZCQ-h9jEbdIBE_S9C6zM-I3suW_4KZIGY2yY=&xsec_source=
2026-04-19T10:43:30,2025-01-05,xiaohongshu,xiaohongshu_search_crawl,tasmania,tasmania,,unknown,kingfish,unknown,unknown,unknown,,medium,"塔州西北岸抛Kingfish
🐳
2025-01-05
35
塔州 kingfish",https://www.xiaohongshu.com/search_result/677a174d000000001301afe9?xsec_token=ABvY0id1vhXPK_BtIqijBrLVH67YS_7tCthwftM1GYfDs=&xsec_source=
2026-04-19T10:43:30,2025-01-06,xiaohongshu,xiaohongshu_search_crawl,tasmania,tasmania,,unknown,kingfish,unknown,unknown,unknown,,medium,"在塔州的第一條kingfish
Orli是隻喵
2025-01-06
46
塔州 kingfish",https://www.xiaohongshu.com/search_result/677b54b2000000001a035e79?xsec_token=AB8vsBlsoPFYMCWU1F7N0FTGBSaFA8FFlELzN1ni3bSsQ=&xsec_source=
2026-04-19T10:43:41,2025-12-05,xiaohongshu,xiaohongshu_search_crawl,tasmania,tasmania,,unknown,squid,unknown,unknown,unknown,,medium,"Squid fishing in Devonport! 🦑
Bonnie
2025-12-05
3
塔州 squid",https://www.xiaohongshu.com/search_result/6932ee93000000000d00c241?xsec_token=ABOXRdg74IZzAbheE4Jwr802kODztuStVGNxOA4yfJndY=&xsec_source=
2026-04-19T10:43:41,2026-02-22,xiaohongshu,xiaohongshu_search_crawl,hobart,hobart,,unknown,squid,unknown,unknown,unknown,,low,"霍巴特小钓鱿鱼
爱学习的路亚小学生
02-22
12
塔州 squid",https://www.xiaohongshu.com/search_result/699ad874000000001b01c08d?xsec_token=ABrOfPjl4pN_gv8ZQ5rB6Nih0iCdRe2yDpcGulCCCsfMk=&xsec_source=
2026-04-19T10:43:41,2025-11-29,xiaohongshu,xiaohongshu_search_crawl,tasmania,tasmania,,unknown,squid,unknown,unknown,unknown,,medium,"抽鱿鱼
爱学习的路亚小学生
2025-11-29
31
塔州 squid",https://www.xiaohongshu.com/search_result/692acdd8000000000d03ac29?xsec_token=ABFq1dN7wmcSfS-qJTXpAnhilQGpvplHm4aB6yXy4YQdA=&xsec_source=
2026-04-19T10:43:51,2026-02-19,xiaohongshu,xiaohongshu_search_crawl,tasmania,tasmania,,unknown,australian_salmon;trout,unknown,unknown,unknown,,low,"塔斯马尼亚摇篮山钓鳟鱼🎣
阿拉伯公子
02-19
5
塔州 salmon",https://www.xiaohongshu.com/search_result/6996492500000000090391a6?xsec_token=AByDRWZAAe1IFCSKbQhIixj9ucdzjIt8VquIJxpjAt-Ww=&xsec_source=
2026-04-19T10:44:02,2025-02-12,xiaohongshu,xiaohongshu_search_crawl,tasmania,tasmania,,unknown,bream,unknown,unknown,unknown,,medium,"今年鱼获满满啊
村里的孩子
2025-02-12
15
塔州 bream",https://www.xiaohongshu.com/search_result/67ac12ca000000002902629e?xsec_token=ABKhyuTmofiGqzkSgYG4ld7_WEh-PsgUcPSFkB0JgucwY=&xsec_source=
2026-04-19T10:44:02,2022-05-26,xiaohongshu,xiaohongshu_search_crawl,tasmania,tasmania,,unknown,bream,unknown,unknown,unknown,,medium,"路亚解锁黑鲷Bream
Randolph舒
2022-05-26
35
塔州 bream",https://www.xiaohongshu.com/search_result/628fa1e6000000002103968d?xsec_token=ABQyJ4yTsOhEU68ZqHvR7gzVg0p0YgOnEHBldoGGnOmMY=&xsec_source=
2026-04-19T10:44:02,2023-05-16,xiaohongshu,xiaohongshu_search_crawl,tasmania,tasmania,,unknown,bream,unknown,unknown,unknown,,medium,"塔州德文河大褐鳟｜黑鲷爆杆
Randolph舒
2023-05-16
26
塔州 bream",https://www.xiaohongshu.com/search_result/64600e6400000000130330bc?xsec_token=ABpXAcnZivuSQZYIUD0qkm2ijoMnMkZeNbkifrIYQ4LZ0=&xsec_source=
2026-04-19T10:44:02,2022-11-09,xiaohongshu,xiaohongshu_search_crawl,tasmania,tasmania,,unknown,bream,unknown,unknown,unknown,,medium,"淡水黑鲷捕获记
Randolph舒
2022-11-09
17
塔州 bream",https://www.xiaohongshu.com/search_result/636bb7060000000009006bc1?xsec_token=AB1KiTiDo7US6P2dCExotY6DJewGLbYDXZTyZNv2wZc-o=&xsec_source=
2026-04-19T10:44:02,2023-06-07,xiaohongshu,xiaohongshu_search_crawl,tasmania,tasmania,,unknown,bream,unknown,unknown,unknown,,medium,"塔州黑鯛 Bream 钓法分享
🐳
2023-06-07
26
塔州 bream",https://www.xiaohongshu.com/search_result/64808c620000000013000bcf?xsec_token=ABPtKW_y-RKUZAzo88k__C22h_s8atblKLxzd_WmcAoRc=&xsec_source=
2026-04-19T10:44:13,2024-01-07,xiaohongshu,xiaohongshu_search_crawl,tasmania,tasmania,,unknown,snapper,unknown,unknown,unknown,,medium,"新年开门红第二弹｜塔州真鲷Snapper
Randolph舒
2024-01-07
41
塔州 snapper",https://www.xiaohongshu.com/search_result/6599769500000000110328b8?xsec_token=ABtA1n65U0vWkPcPKZSdUTSqy4IUs4rMgw_aOtsbeS29o=&xsec_source=
2026-04-19T10:44:13,2026-01-21,xiaohongshu,xiaohongshu_search_crawl,tasmania,tasmania,,unknown,snapper,unknown,unknown,unknown,,low,"解锁塔州snapper 快夸夸我！
爱打龟🐢的拍崽
01-21
32
塔州 snapper",https://www.xiaohongshu.com/search_result/6970bc2d000000001a03250d?xsec_token=ABGqVYWANwIPk2QdBWXKsNJjocYQD5kABjVueCr30BQvQ=&xsec_source=
2026-04-19T10:44:13,2024-01-20,xiaohongshu,xiaohongshu_search_crawl,tasmania,tasmania,,unknown,kingfish;snapper,unknown,unknown,unknown,,medium,"塔州追Kingfish，意外解锁Snapper！
渔夫不吃鱼
2024-01-20
38
塔州 snapper",https://www.xiaohongshu.com/search_result/65abb236000000002c029a2c?xsec_token=AB7HnxW-dbkJ-VVE3vb7-v9mnM-Xk-R2v6q2Zx81Z8wgc=&xsec_source=
2026-04-19T10:44:13,2021-02-18,xiaohongshu,xiaohongshu_search_crawl,tasmania,tasmania,,unknown,snapper,unknown,unknown,unknown,,medium,"塔州海钓｜Kayak Fishing｜Snapper
Randolph舒
2021-02-18
23
塔州 snapper",https://www.xiaohongshu.com/search_result/602e71a2000000002103c999?xsec_token=ABViQU6BIEiSOaRAG_WXJhLLjzWuNJbnVcRemowqb1RYM=&xsec_source=
2026-04-19T10:44:13,2024-08-13,xiaohongshu,xiaohongshu_search_crawl,tasmania,tasmania,,unknown,snapper,unknown,unknown,unknown,,medium,"日常问答：怎样钓snapper？
陪伴钓鱼的人
2024-08-13
95
塔州 snapper",https://www.xiaohongshu.com/search_result/66ba1c65000000000d033de9?xsec_token=ABZIkrcMqne8x9sO2qqkGz9mg-ZqAfPkqsjLYwBGzbDEc=&xsec_source=
2026-04-19T10:44:13,2024-10-21,xiaohongshu,xiaohongshu_search_crawl,tasmania,tasmania,,unknown,snapper,unknown,unknown,unknown,,medium,"昨晚和兄弟去钓Snapper,不能bag都是大货🙈
Tsuriou
2024-10-21
19
塔州 snapper",https://www.xiaohongshu.com/search_result/6715bb3c000000001b02fd18?xsec_token=ABVGj_18Q5r-vW16m-hmyVfdMKcKLeMQuFkfeVFp-XtXA=&xsec_source=
2026-04-19T10:44:23,2025-12-03,xiaohongshu,xiaohongshu_search_crawl,kangaroo_bluff,kangaroo_bluff,,unknown,squid,unknown,unknown,unknown,,medium,"创个人纪录！钓获最大鱿鱼～超80厘米，共钓7条
三毛环澳游钓记
2025-12-03
33
Kangaroo Bluff squid",https://www.xiaohongshu.com/search_result/692eb8ba000000001e02650c?xsec_token=ABc3T_-F-aEoqcmkwxswOpK_GWS-I3fweyDQyEaB1RaI8=&xsec_source=
2026-04-19T10:44:23,2024-04-20,xiaohongshu,xiaohongshu_search_crawl,kangaroo_bluff,kangaroo_bluff,,unknown,squid,unknown,unknown,unknown,,medium,"上周去企鹅岛钓获一只大鱿鱼，仅此一只
墨尔本智胜驾考smartwin
2024-04-20
8
Kangaroo Bluff squid",https://www.xiaohongshu.com/search_result/662333bc0000000001032db1?xsec_token=AB2yF7qLEG1zYhxqcYRjqOWItHidOUke87VyMgL06qOx0=&xsec_source=
2026-04-19T10:44:23,2024-08-30,xiaohongshu,xiaohongshu_search_crawl,kangaroo_bluff,kangaroo_bluff,,unknown,squid,unknown,unknown,unknown,,medium,"澳洲布里斯班的老虎鱿鱼🦑今年鱼获满满啊
星星
2024-08-30
35
Kangaroo Bluff squid",https://www.xiaohongshu.com/search_result/66d0f18b000000001f01f38a?xsec_token=ABN759rY-OJlPJoZy1OGjb6tb88tXY4RN7LCqC8scqdGE=&xsec_source=
2026-04-19T10:44:23,2024-08-16,xiaohongshu,xiaohongshu_search_crawl,kangaroo_bluff,kangaroo_bluff,,unknown,squid,unknown,unknown,small,,medium,"钓鱿鱼，码头上老外报警抓我！
专钓小鱼的Kevin
2024-08-16
335
Kangaroo Bluff squid",https://www.xiaohongshu.com/search_result/66be83e900000000050332aa?xsec_token=ABh1usJ99FjoCZz_0EX1WZ1upyxLHCqC3JvIvWnK2nO2U=&xsec_source=
2026-04-19T10:44:45,2024-10-06,xiaohongshu,xiaohongshu_search_crawl,south_arm,south_arm,,unknown,squid,unknown,unknown,unknown,,medium,"钓大鱿鱼🦑=木虾很厉害🤔😂
Tsuriou
2024-10-06
40
South Arm squid",https://www.xiaohongshu.com/search_result/67026e82000000002c02a3a7?xsec_token=ABQoRk2vC56RlEvsqEtfc7FgwlBbBlua29-wGH_p3KxLA=&xsec_source=
2026-04-19T12:57:02,2026-01-19,xiaohongshu,xiaohongshu_search_crawl,south_arm,south_arm,,unknown,bream,unknown,unknown,unknown,,medium,"西澳禁钓了！墨尔本划皮划艇 全路亚钓真鲷鱼
三毛环澳游钓记
01-19
59
South Arm 钓鱼",https://www.xiaohongshu.com/search_result/694656d9000000001e02da15?xsec_token=ABk9mvdsHcHiI6Cgg3OQhkRGzm0EY1Ay4ZkCrkVma-tjk=&xsec_source=
2026-04-19T12:57:28,2023-05-14,xiaohongshu,xiaohongshu_search_crawl,hobart,hobart,,unknown,bream,unknown,unknown,unknown,,medium,"今日份带action出门录到了我的PB bream
爱打龟🐢的拍崽
2023-05-14
39
霍巴特 黑鲷",https://www.xiaohongshu.com/search_result/646099b2000000001300b5f9?xsec_token=ABpXAcnZivuSQZYIUD0qkm2itQNTe2f2O-Yx8rVXJVcIg=&xsec_source=
2026-04-19T12:57:28,2025-07-02,xiaohongshu,xiaohongshu_search_crawl,hobart,hobart,,shore,bream,unknown,unknown,unknown,,medium,"超市级矶钓窝料丨黑鲷季来喽~
澳洲驯兽师
2025-07-02
47
霍巴特 黑鲷",https://www.xiaohongshu.com/search_result/6847d8e700000000030391ee?xsec_token=ABrpf4Q5j4UczyfciA0Zn1w0OGZU0FtfXVFIgkXxi6EGM=&xsec_source=
2026-04-19T12:58:32,2024-06-02,xiaohongshu,xiaohongshu_search_crawl,tasmania,tasmania,,unknown,bream,unknown,unknown,unknown,,medium,"Bream
Randolph舒
2024-06-02
22
塔州 bream",https://www.xiaohongshu.com/search_result/665c539a000000000500799d?xsec_token=ABL7vaClfcZ6AbXvuABTaBsAbIPFBI8IwVPZ91bVzCBgc=&xsec_source=
2026-04-19T12:59:20,2024-10-12,xiaohongshu,xiaohongshu_search_crawl,south_arm,south_arm,,unknown,australian_salmon;trout,unknown,unknown,unknown,,medium,"塔斯马尼亚salmon ponds 鳟鱼塘遛娃
CICI在土澳
2024-10-12
4
South Arm salmon",https://www.xiaohongshu.com/search_result/670a4680000000001b03d1b8?xsec_token=ABxtG9nAV-z8piP21IF62yf4H2a5oXF3b8AocuSLFGiA0=&xsec_source=
2026-04-19T12:59:31,2024-09-10,xiaohongshu,xiaohongshu_search_crawl,south_arm,south_arm,,unknown,kingfish,unknown,unknown,unknown,,medium,"悉尼夜钓15g铁板爆杀70kingfish
先把血量点到40
2024-09-10
51
South Arm kingfish",https://www.xiaohongshu.com/search_result/66dfdc84000000000c01b1f1?xsec_token=ABuyCH6ipwVNG64C9VKBN7Of1OQ1TUNq4NssPYNUARNC0=&xsec_source=
2026-04-19T12:59:31,2026-03-25,xiaohongshu,xiaohongshu_search_crawl,south_arm,south_arm,,unknown,kingfish,unknown,unknown,unknown,,medium,"在家做Kingfish生鱼片
Randolph舒
03-25
33
South Arm kingfish",https://www.xiaohongshu.com/search_result/69c26fd70000000023011978?xsec_token=ABfan_l_-WWNegpu0Qb9Iy9aWOOV79Zv38J8UWUmYOvrI=&xsec_source=
2026-04-19T12:59:31,2025-04-30,xiaohongshu,xiaohongshu_search_crawl,south_arm,south_arm,,unknown,kingfish,unknown,unknown,unknown,,medium,"悉尼内湾钓kingfish
Mai
2025-04-30
114
South Arm kingfish",https://www.xiaohongshu.com/search_result/681164530000000021018f9b?xsec_token=AB3RLpdP0_V6dGCjlDoeL4zeAGbgzuAJ7PK2OizVgKpJE=&xsec_source=
2026-04-19T22:00:58,2026-04-12,facebook,facebook_browser_probe,Hobart,hobart,,boat,tuna,unknown,unknown,unknown,,medium,"Can't all be barrels
another beautiful Bluefin from today. Well done on the rod in tough conditions!
查看翻译
创建群聊
Mr Flathead Fishing Charters Tasmania 的帖子
Mr Flathead Fishing Charters Tasmania
4月12日13:07
Can't all be barrels
another beautiful Bluefin from today. Well done on the rod in tough conditions!
查看翻译
",https://www.facebook.com/mrflatheadtasmania/posts/pfbid02Qst3r8WH6hvK2348jRJuDoxDd1L3hS5yyH6pviDHBbv2YtcUeeDV8Ssg7RnfjU7Dl
2026-04-19T22:01:53,2026-04-19,facebook,facebook_browser_probe,Tasmania,tasmania,,shore,,unknown,unknown,decent,,low,"Flynn’s PB shore based. This lovely girl came out of 50 cm deep water chasing a blue garr. She was of course released after a solid battle on light gear.
查看翻译
0:00 / 0:06
还没有任何评论哦
抢沙发~
3小时
Flynn’s PB shore based. This lovely girl came out of 50 cm deep water chasing a blue garr. She was of course released after a solid battle on light gear.
查看翻译
0:00 / 0:06
39
还没有任何评论哦
抢沙发~
https://scontent-syd2-1.xx.fbcdn.net/v/t15.5256-10/661591117_1676743246795090_7820558591739082662_n.jpg?stp=dst-jpg_p960x96",https://www.facebook.com/groups/365640693613260/posts/3445736048937027/
