coordinate_role,geocode_label,geocode_status,guide_name,id,jurisdiction,latitude,longitude,map_eligible,notes,official_owner,official_url,planner_eligible,review_status,role,scope,score_impact,source_kind,spot_name,spot_type
spot_candidate,"Dru Point, Hobart, Tasmania, 7054, Australia",nominatim_first_match,Fishing Tasmania Hot Fishing Spots - Bruny D'Entrecasteaux Region,tas_hot_fishing_spots:001:bruny_d_entrecasteaux_region:dru_point,TAS,-43.026656,147.27992,True,"Named by Fishing Tasmania Hot Fishing Spots. Verify current rules, health alerts, closures, and local access before user-facing planning.",Fishing Tasmania / NRE Tasmania,https://fishing.tas.gov.au/recreational-fishing/fishing-tips/hot-fishing-spots/fishing-around-the-bruny-dentrecasteaux-region,True,needs_access_and_closure_check,public_fishing_access_candidate,coastal_estuary,none,official_hot_fishing_spots_page,Dru Point,park_reserve
spot_candidate,"Margate, Tasmania, 7054, Australia",nominatim_first_match,Fishing Tasmania Hot Fishing Spots - Bruny D'Entrecasteaux Region,tas_hot_fishing_spots:002:bruny_d_entrecasteaux_region:margate_wharf,TAS,-43.026298,147.26109,True,"Named by Fishing Tasmania Hot Fishing Spots. Verify current rules, health alerts, closures, and local access before user-facing planning.",Fishing Tasmania / NRE Tasmania,https://fishing.tas.gov.au/recreational-fishing/fishing-tips/hot-fishing-spots/fishing-around-the-bruny-dentrecasteaux-region,True,needs_access_and_closure_check,public_fishing_access_candidate,coastal_estuary,none,official_hot_fishing_spots_page,Margate Wharf,wharf
spot_candidate,"Kettering, Kingborough, Tasmania, 7155, Australia",nominatim_first_match,Fishing Tasmania Hot Fishing Spots - Bruny D'Entrecasteaux Region,tas_hot_fishing_spots:003:bruny_d_entrecasteaux_region:kettering,TAS,-43.129052,147.248168,True,"Named by Fishing Tasmania Hot Fishing Spots. Verify current rules, health alerts, closures, and local access before user-facing planning.",Fishing Tasmania / NRE Tasmania,https://fishing.tas.gov.au/recreational-fishing/fishing-tips/hot-fishing-spots/fishing-around-the-bruny-dentrecasteaux-region,True,needs_access_and_closure_check,public_fishing_access_candidate,coastal_estuary,none,official_hot_fishing_spots_page,Kettering,foreshore
spot_candidate,"Woodbridge, Tasmania, 7162, Australia",nominatim_first_match,Fishing Tasmania Hot Fishing Spots - Bruny D'Entrecasteaux Region,tas_hot_fishing_spots:004:bruny_d_entrecasteaux_region:woodbridge,TAS,-43.16037,147.237841,True,"Named by Fishing Tasmania Hot Fishing Spots. Verify current rules, health alerts, closures, and local access before user-facing planning.",Fishing Tasmania / NRE Tasmania,https://fishing.tas.gov.au/recreational-fishing/fishing-tips/hot-fishing-spots/fishing-around-the-bruny-dentrecasteaux-region,True,needs_access_and_closure_check,public_fishing_access_candidate,coastal_estuary,none,official_hot_fishing_spots_page,Woodbridge,foreshore
spot_candidate,"Roberts Point, North Bruny, Tasmania, 7150, Australia",nominatim_first_match,Fishing Tasmania Hot Fishing Spots - Bruny D'Entrecasteaux Region,tas_hot_fishing_spots:005:bruny_d_entrecasteaux_region:roberts_point,TAS,-43.146256,147.280963,True,"Named by Fishing Tasmania Hot Fishing Spots. Verify current rules, health alerts, closures, and local access before user-facing planning.",Fishing Tasmania / NRE Tasmania,https://fishing.tas.gov.au/recreational-fishing/fishing-tips/hot-fishing-spots/fishing-around-the-bruny-dentrecasteaux-region,True,needs_access_and_closure_check,public_fishing_access_candidate,coastal_estuary,none,official_hot_fishing_spots_page,Roberts Point,jetty
spot_candidate,"Dennes Point, Tasmania, 7150, Australia",nominatim_first_match,Fishing Tasmania Hot Fishing Spots - Bruny D'Entrecasteaux Region,tas_hot_fishing_spots:006:bruny_d_entrecasteaux_region:dennes_point,TAS,-43.06921,147.35277,True,"Named by Fishing Tasmania Hot Fishing Spots. Verify current rules, health alerts, closures, and local access before user-facing planning.",Fishing Tasmania / NRE Tasmania,https://fishing.tas.gov.au/recreational-fishing/fishing-tips/hot-fishing-spots/fishing-around-the-bruny-dentrecasteaux-region,True,needs_access_and_closure_check,public_fishing_access_candidate,coastal_estuary,none,official_hot_fishing_spots_page,Dennes Point,shoreline
spot_candidate,"Adventure Bay, Tasmania, 7150, Australia",nominatim_first_match,Fishing Tasmania Hot Fishing Spots - Bruny D'Entrecasteaux Region,tas_hot_fishing_spots:007:bruny_d_entrecasteaux_region:adventure_bay,TAS,-43.36097,147.328464,True,"Named by Fishing Tasmania Hot Fishing Spots. Verify current rules, health alerts, closures, and local access before user-facing planning.",Fishing Tasmania / NRE Tasmania,https://fishing.tas.gov.au/recreational-fishing/fishing-tips/hot-fishing-spots/fishing-around-the-bruny-dentrecasteaux-region,True,needs_access_and_closure_check,public_fishing_access_candidate,coastal_estuary,none,official_hot_fishing_spots_page,Adventure Bay,beach_bay
spot_candidate,"Cloudy Bay Lagoon Marine Conservation Area, Tasmania, Australia",nominatim_first_match,Fishing Tasmania Hot Fishing Spots - Bruny D'Entrecasteaux Region,tas_hot_fishing_spots:008:bruny_d_entrecasteaux_region:cloudy_bay_lagoon,TAS,-43.425793,147.212239,True,"Named by Fishing Tasmania Hot Fishing Spots. Verify current rules, health alerts, closures, and local access before user-facing planning.",Fishing Tasmania / NRE Tasmania,https://fishing.tas.gov.au/recreational-fishing/fishing-tips/hot-fishing-spots/fishing-around-the-bruny-dentrecasteaux-region,True,needs_access_and_closure_check,public_fishing_access_candidate,coastal_estuary,none,official_hot_fishing_spots_page,Cloudy Bay Lagoon,lagoon
spot_candidate,"Gordon Road, Long Jetty, Gosford, New South Wales, 2261, Australia",nominatim_first_match,Fishing Tasmania Hot Fishing Spots - Bruny D'Entrecasteaux Region,tas_hot_fishing_spots:009:bruny_d_entrecasteaux_region:gordon_jetty,TAS,-33.353321,151.487214,True,"Named by Fishing Tasmania Hot Fishing Spots. Verify current rules, health alerts, closures, and local access before user-facing planning.",Fishing Tasmania / NRE Tasmania,https://fishing.tas.gov.au/recreational-fishing/fishing-tips/hot-fishing-spots/fishing-around-the-bruny-dentrecasteaux-region,True,needs_access_and_closure_check,public_fishing_access_candidate,coastal_estuary,none,official_hot_fishing_spots_page,Gordon Jetty,jetty
spot_candidate,"Trial Bay, Tasmania, 7155, Australia",nominatim_first_match,Fishing Tasmania Hot Fishing Spots - Bruny D'Entrecasteaux Region,tas_hot_fishing_spots:010:bruny_d_entrecasteaux_region:trial_bay,TAS,-43.134358,147.255814,True,"Named by Fishing Tasmania Hot Fishing Spots. Verify current rules, health alerts, closures, and local access before user-facing planning.",Fishing Tasmania / NRE Tasmania,https://fishing.tas.gov.au/recreational-fishing/fishing-tips/hot-fishing-spots/fishing-around-the-bruny-dentrecasteaux-region,True,needs_access_and_closure_check,public_fishing_access_candidate,coastal_estuary,none,official_hot_fishing_spots_page,Trial Bay,bay
spot_candidate,"Huon Estuary Marine Conservation Area, Huonville, Tasmania, 7109, Australia",nominatim_first_match,Fishing Tasmania Hot Fishing Spots - Bruny D'Entrecasteaux Region,tas_hot_fishing_spots:011:bruny_d_entrecasteaux_region:huon_estuary,TAS,-43.088086,147.015276,True,"Named by Fishing Tasmania Hot Fishing Spots. Verify current rules, health alerts, closures, and local access before user-facing planning.",Fishing Tasmania / NRE Tasmania,https://fishing.tas.gov.au/recreational-fishing/fishing-tips/hot-fishing-spots/fishing-around-the-bruny-dentrecasteaux-region,True,needs_access_and_closure_check,public_fishing_access_candidate,coastal_estuary,none,official_hot_fishing_spots_page,Huon Estuary,estuary
spot_candidate,"Southport, Tasmania, 7109, Australia",nominatim_first_match,Fishing Tasmania Hot Fishing Spots - Bruny D'Entrecasteaux Region,tas_hot_fishing_spots:012:bruny_d_entrecasteaux_region:southport,TAS,-43.430637,146.975402,True,"Named by Fishing Tasmania Hot Fishing Spots. Verify current rules, health alerts, closures, and local access before user-facing planning.",Fishing Tasmania / NRE Tasmania,https://fishing.tas.gov.au/recreational-fishing/fishing-tips/hot-fishing-spots/fishing-around-the-bruny-dentrecasteaux-region,True,needs_access_and_closure_check,public_fishing_access_candidate,coastal_estuary,none,official_hot_fishing_spots_page,Southport,foreshore
spot_candidate,"Dowsing Point, Tasmania, 7010, Australia",nominatim_first_match,Fishing Tasmania Hot Fishing Spots - Derwent River,tas_hot_fishing_spots:013:derwent_river:dowsing_point,TAS,-42.820896,147.294609,True,"Named by Fishing Tasmania Hot Fishing Spots. Verify current rules, health alerts, closures, and local access before user-facing planning.",Fishing Tasmania / NRE Tasmania,https://fishing.tas.gov.au/recreational-fishing/fishing-tips/hot-fishing-spots/fishing-around-the-derwent-river,True,needs_access_and_closure_check,public_fishing_access_candidate,coastal_estuary,none,official_hot_fishing_spots_page,Dowsing Point,shoreline
spot_candidate,Botanical Gardens,manual_spot_coordinate,Fishing Tasmania Hot Fishing Spots - Derwent River,tas_hot_fishing_spots:014:derwent_river:botanical_gardens,TAS,-42.8645,147.3318,True,"Named by Fishing Tasmania Hot Fishing Spots. Verify current rules, health alerts, closures, and local access before user-facing planning.",Fishing Tasmania / NRE Tasmania,https://fishing.tas.gov.au/recreational-fishing/fishing-tips/hot-fishing-spots/fishing-around-the-derwent-river,True,needs_access_and_closure_check,public_fishing_access_candidate,coastal_estuary,none,official_hot_fishing_spots_page,Botanical Gardens,park_reserve
spot_candidate,"Tasman Bridge, Domain Highway, Queens Domain, Hobart, Tasmania, 7000, Australia",nominatim_first_match,Fishing Tasmania Hot Fishing Spots - Derwent River,tas_hot_fishing_spots:015:derwent_river:tasman_bridge,TAS,-42.864501,147.348268,True,"Named by Fishing Tasmania Hot Fishing Spots. Verify current rules, health alerts, closures, and local access before user-facing planning.",Fishing Tasmania / NRE Tasmania,https://fishing.tas.gov.au/recreational-fishing/fishing-tips/hot-fishing-spots/fishing-around-the-derwent-river,True,needs_access_and_closure_check,public_fishing_access_candidate,coastal_estuary,none,official_hot_fishing_spots_page,Tasman Bridge,bridge
spot_candidate,Regatta Grounds,manual_spot_coordinate,Fishing Tasmania Hot Fishing Spots - Derwent River,tas_hot_fishing_spots:016:derwent_river:regatta_grounds,TAS,-42.8706,147.3342,True,"Named by Fishing Tasmania Hot Fishing Spots. Verify current rules, health alerts, closures, and local access before user-facing planning.",Fishing Tasmania / NRE Tasmania,https://fishing.tas.gov.au/recreational-fishing/fishing-tips/hot-fishing-spots/fishing-around-the-derwent-river,True,needs_access_and_closure_check,public_fishing_access_candidate,coastal_estuary,none,official_hot_fishing_spots_page,Regatta Grounds,park_reserve
spot_candidate,"Sandy Bay, Tasmania, 7005, Australia",nominatim_first_match,Fishing Tasmania Hot Fishing Spots - Derwent River,tas_hot_fishing_spots:017:derwent_river:sandy_bay,TAS,-42.897129,147.327353,True,"Named by Fishing Tasmania Hot Fishing Spots. Verify current rules, health alerts, closures, and local access before user-facing planning.",Fishing Tasmania / NRE Tasmania,https://fishing.tas.gov.au/recreational-fishing/fishing-tips/hot-fishing-spots/fishing-around-the-derwent-river,True,needs_access_and_closure_check,public_fishing_access_candidate,coastal_estuary,none,official_hot_fishing_spots_page,Sandy Bay,foreshore
spot_candidate,"Taroona, Hobart, Tasmania, 7053, Australia",nominatim_first_match,Fishing Tasmania Hot Fishing Spots - Derwent River,tas_hot_fishing_spots:018:derwent_river:taroona,TAS,-42.947872,147.350364,True,"Named by Fishing Tasmania Hot Fishing Spots. Verify current rules, health alerts, closures, and local access before user-facing planning.",Fishing Tasmania / NRE Tasmania,https://fishing.tas.gov.au/recreational-fishing/fishing-tips/hot-fishing-spots/fishing-around-the-derwent-river,True,needs_access_and_closure_check,public_fishing_access_candidate,coastal_estuary,none,official_hot_fishing_spots_page,Taroona,foreshore
spot_candidate,"Alum Cliffs, Alum Cliffs Track, Taronga, Bonnet Hill, Hobart, Tasmania, 7053, Australia",nominatim_first_match,Fishing Tasmania Hot Fishing Spots - Derwent River,tas_hot_fishing_spots:019:derwent_river:alum_cliffs,TAS,-42.968529,147.339334,True,"Named by Fishing Tasmania Hot Fishing Spots. Verify current rules, health alerts, closures, and local access before user-facing planning.",Fishing Tasmania / NRE Tasmania,https://fishing.tas.gov.au/recreational-fishing/fishing-tips/hot-fishing-spots/fishing-around-the-derwent-river,True,needs_access_and_closure_check,public_fishing_access_candidate,coastal_estuary,none,official_hot_fishing_spots_page,Alum Cliffs,shoreline
spot_candidate,"Browns River, Hobart, Tasmania, 7050, Australia",nominatim_first_match,Fishing Tasmania Hot Fishing Spots - Derwent River,tas_hot_fishing_spots:020:derwent_river:browns_river,TAS,-42.961917,147.288073,True,"Named by Fishing Tasmania Hot Fishing Spots. Verify current rules, health alerts, closures, and local access before user-facing planning.",Fishing Tasmania / NRE Tasmania,https://fishing.tas.gov.au/recreational-fishing/fishing-tips/hot-fishing-spots/fishing-around-the-derwent-river,True,needs_access_and_closure_check,public_fishing_access_candidate,coastal_estuary,none,official_hot_fishing_spots_page,Browns River,river_mouth
spot_candidate,"Kingston, Tasmania, 7050, Australia",nominatim_first_match,Fishing Tasmania Hot Fishing Spots - Derwent River,tas_hot_fishing_spots:021:derwent_river:kingston,TAS,-42.974982,147.308221,True,"Named by Fishing Tasmania Hot Fishing Spots. Verify current rules, health alerts, closures, and local access before user-facing planning.",Fishing Tasmania / NRE Tasmania,https://fishing.tas.gov.au/recreational-fishing/fishing-tips/hot-fishing-spots/fishing-around-the-derwent-river,True,needs_access_and_closure_check,public_fishing_access_candidate,coastal_estuary,none,official_hot_fishing_spots_page,Kingston,foreshore
spot_candidate,"Blackmans Bay, Tasmania, 7052, Australia",nominatim_first_match,Fishing Tasmania Hot Fishing Spots - Derwent River,tas_hot_fishing_spots:022:derwent_river:blackmans_bay,TAS,-43.004684,147.317986,True,"Named by Fishing Tasmania Hot Fishing Spots. Verify current rules, health alerts, closures, and local access before user-facing planning.",Fishing Tasmania / NRE Tasmania,https://fishing.tas.gov.au/recreational-fishing/fishing-tips/hot-fishing-spots/fishing-around-the-derwent-river,True,needs_access_and_closure_check,public_fishing_access_candidate,coastal_estuary,none,official_hot_fishing_spots_page,Blackmans Bay,beach_bay
spot_candidate,"South Arm Fire Station, 1, Jetty Road, South Arm, City of Clarence, Tasmania, 7022, Australia",nominatim_first_match,Fishing Tasmania Hot Fishing Spots - Derwent River,tas_hot_fishing_spots:023:derwent_river:south_arm_jetty,TAS,-43.027985,147.415743,True,"Named by Fishing Tasmania Hot Fishing Spots. Verify current rules, health alerts, closures, and local access before user-facing planning.",Fishing Tasmania / NRE Tasmania,https://fishing.tas.gov.au/recreational-fishing/fishing-tips/hot-fishing-spots/fishing-around-the-derwent-river,True,needs_access_and_closure_check,public_fishing_access_candidate,coastal_estuary,none,official_hot_fishing_spots_page,South Arm Jetty,jetty
spot_candidate,"Opossum Bay, Tasmania, 7023, Australia",nominatim_first_match,Fishing Tasmania Hot Fishing Spots - Derwent River,tas_hot_fishing_spots:024:derwent_river:opossum_bay_jetty,TAS,-42.993316,147.404624,True,"Named by Fishing Tasmania Hot Fishing Spots. Verify current rules, health alerts, closures, and local access before user-facing planning.",Fishing Tasmania / NRE Tasmania,https://fishing.tas.gov.au/recreational-fishing/fishing-tips/hot-fishing-spots/fishing-around-the-derwent-river,True,needs_access_and_closure_check,public_fishing_access_candidate,coastal_estuary,none,official_hot_fishing_spots_page,Opossum Bay Jetty,jetty
spot_candidate,"Ralphs Bay, Tasmania, 7023, Australia",nominatim_first_match,Fishing Tasmania Hot Fishing Spots - Derwent River,tas_hot_fishing_spots:025:derwent_river:ralphs_bay,TAS,-42.960128,147.429409,True,"Named by Fishing Tasmania Hot Fishing Spots. Verify current rules, health alerts, closures, and local access before user-facing planning.",Fishing Tasmania / NRE Tasmania,https://fishing.tas.gov.au/recreational-fishing/fishing-tips/hot-fishing-spots/fishing-around-the-derwent-river,True,needs_access_and_closure_check,public_fishing_access_candidate,coastal_estuary,none,official_hot_fishing_spots_page,Ralphs Bay,bay
spot_candidate,Bellerive Bluff,manual_spot_coordinate,Fishing Tasmania Hot Fishing Spots - Derwent River,tas_hot_fishing_spots:026:derwent_river:bellerive_bluff,TAS,-42.87647,147.36381,True,"Named by Fishing Tasmania Hot Fishing Spots. Verify current rules, health alerts, closures, and local access before user-facing planning.",Fishing Tasmania / NRE Tasmania,https://fishing.tas.gov.au/recreational-fishing/fishing-tips/hot-fishing-spots/fishing-around-the-derwent-river,True,needs_access_and_closure_check,public_fishing_access_candidate,coastal_estuary,none,official_hot_fishing_spots_page,Bellerive Bluff,shoreline
spot_candidate,"Lindisfarne, Tasmania, 7015, Australia",nominatim_first_match,Fishing Tasmania Hot Fishing Spots - Derwent River,tas_hot_fishing_spots:027:derwent_river:lindisfarne,TAS,-42.847825,147.363071,True,"Named by Fishing Tasmania Hot Fishing Spots. Verify current rules, health alerts, closures, and local access before user-facing planning.",Fishing Tasmania / NRE Tasmania,https://fishing.tas.gov.au/recreational-fishing/fishing-tips/hot-fishing-spots/fishing-around-the-derwent-river,True,needs_access_and_closure_check,public_fishing_access_candidate,coastal_estuary,none,official_hot_fishing_spots_page,Lindisfarne,foreshore
spot_candidate,"Otago Bay Road, Otago, Hobart, Tasmania, 7017, Australia",nominatim_first_match,Fishing Tasmania Hot Fishing Spots - Derwent River,tas_hot_fishing_spots:028:derwent_river:otago_bay,TAS,-42.806509,147.293686,True,"Named by Fishing Tasmania Hot Fishing Spots. Verify current rules, health alerts, closures, and local access before user-facing planning.",Fishing Tasmania / NRE Tasmania,https://fishing.tas.gov.au/recreational-fishing/fishing-tips/hot-fishing-spots/fishing-around-the-derwent-river,True,needs_access_and_closure_check,public_fishing_access_candidate,coastal_estuary,none,official_hot_fishing_spots_page,Otago Bay,bay
spot_candidate,"Old Beach, Tasmania, 7017, Australia",nominatim_first_match,Fishing Tasmania Hot Fishing Spots - Derwent River,tas_hot_fishing_spots:029:derwent_river:old_beach,TAS,-42.776954,147.271594,True,"Named by Fishing Tasmania Hot Fishing Spots. Verify current rules, health alerts, closures, and local access before user-facing planning.",Fishing Tasmania / NRE Tasmania,https://fishing.tas.gov.au/recreational-fishing/fishing-tips/hot-fishing-spots/fishing-around-the-derwent-river,True,needs_access_and_closure_check,public_fishing_access_candidate,coastal_estuary,none,official_hot_fishing_spots_page,Old Beach,foreshore
spot_candidate,"Bridgewater, Tasmania, 7030, Australia",nominatim_first_match,Fishing Tasmania Hot Fishing Spots - Derwent River,tas_hot_fishing_spots:030:derwent_river:bridgewater,TAS,-42.73477,147.23628,True,"Named by Fishing Tasmania Hot Fishing Spots. Verify current rules, health alerts, closures, and local access before user-facing planning.",Fishing Tasmania / NRE Tasmania,https://fishing.tas.gov.au/recreational-fishing/fishing-tips/hot-fishing-spots/fishing-around-the-derwent-river,True,needs_access_and_closure_check,public_fishing_access_candidate,coastal_estuary,none,official_hot_fishing_spots_page,Bridgewater,foreshore
spot_candidate,"Waubs Bay, Tasmania, 7215, Australia",nominatim_first_match,Fishing Tasmania Hot Fishing Spots - East Coast Region,tas_hot_fishing_spots:031:east_coast_region:waubs_bay,TAS,-41.870344,148.300291,True,"Named by Fishing Tasmania Hot Fishing Spots. Verify current rules, health alerts, closures, and local access before user-facing planning.",Fishing Tasmania / NRE Tasmania,https://fishing.tas.gov.au/recreational-fishing/fishing-tips/hot-fishing-spots/fishing-around-the-east-coast-region,True,needs_access_and_closure_check,public_fishing_access_candidate,coastal_estuary,none,official_hot_fishing_spots_page,Waubs Bay,bay
spot_candidate,The Gulch Wharf,manual_spot_coordinate,Fishing Tasmania Hot Fishing Spots - East Coast Region,tas_hot_fishing_spots:032:east_coast_region:the_gulch_wharf,TAS,-41.8795,148.3023,True,"Named by Fishing Tasmania Hot Fishing Spots. Verify current rules, health alerts, closures, and local access before user-facing planning.",Fishing Tasmania / NRE Tasmania,https://fishing.tas.gov.au/recreational-fishing/fishing-tips/hot-fishing-spots/fishing-around-the-east-coast-region,True,needs_access_and_closure_check,public_fishing_access_candidate,coastal_estuary,none,official_hot_fishing_spots_page,The Gulch Wharf,wharf
spot_candidate,"Coles Bay, Tasmania, 7215, Australia",nominatim_first_match,Fishing Tasmania Hot Fishing Spots - East Coast Region,tas_hot_fishing_spots:033:east_coast_region:coles_bay_jetty,TAS,-42.125218,148.288538,True,"Named by Fishing Tasmania Hot Fishing Spots. Verify current rules, health alerts, closures, and local access before user-facing planning.",Fishing Tasmania / NRE Tasmania,https://fishing.tas.gov.au/recreational-fishing/fishing-tips/hot-fishing-spots/fishing-around-the-east-coast-region,True,needs_access_and_closure_check,public_fishing_access_candidate,coastal_estuary,none,official_hot_fishing_spots_page,Coles Bay Jetty,jetty
spot_candidate,"Swanwick, Coles Bay, Glamorgan-Spring Bay, Tasmania, 7215, Australia",nominatim_first_match,Fishing Tasmania Hot Fishing Spots - East Coast Region,tas_hot_fishing_spots:034:east_coast_region:swanwick,TAS,-42.098963,148.240535,True,"Named by Fishing Tasmania Hot Fishing Spots. Verify current rules, health alerts, closures, and local access before user-facing planning.",Fishing Tasmania / NRE Tasmania,https://fishing.tas.gov.au/recreational-fishing/fishing-tips/hot-fishing-spots/fishing-around-the-east-coast-region,True,needs_access_and_closure_check,public_fishing_access_candidate,coastal_estuary,none,official_hot_fishing_spots_page,Swanwick,foreshore
spot_candidate,Swansea Pier,manual_spot_coordinate,Fishing Tasmania Hot Fishing Spots - East Coast Region,tas_hot_fishing_spots:035:east_coast_region:swansea_pier,TAS,-42.1224,148.0746,True,"Named by Fishing Tasmania Hot Fishing Spots. Verify current rules, health alerts, closures, and local access before user-facing planning.",Fishing Tasmania / NRE Tasmania,https://fishing.tas.gov.au/recreational-fishing/fishing-tips/hot-fishing-spots/fishing-around-the-east-coast-region,True,needs_access_and_closure_check,public_fishing_access_candidate,coastal_estuary,none,official_hot_fishing_spots_page,Swansea Pier,pier
spot_candidate,"Little Swanport, Tasmania, 7190, Australia",nominatim_first_match,Fishing Tasmania Hot Fishing Spots - East Coast Region,tas_hot_fishing_spots:036:east_coast_region:little_swanport,TAS,-42.33079,147.94289,True,"Named by Fishing Tasmania Hot Fishing Spots. Verify current rules, health alerts, closures, and local access before user-facing planning.",Fishing Tasmania / NRE Tasmania,https://fishing.tas.gov.au/recreational-fishing/fishing-tips/hot-fishing-spots/fishing-around-the-east-coast-region,True,needs_access_and_closure_check,public_fishing_access_candidate,coastal_estuary,none,official_hot_fishing_spots_page,Little Swanport,estuary
spot_candidate,"Triabunna, Tasmania, 7190, Australia",nominatim_first_match,Fishing Tasmania Hot Fishing Spots - East Coast Region,tas_hot_fishing_spots:037:east_coast_region:triabunna,TAS,-42.504035,147.913931,True,"Named by Fishing Tasmania Hot Fishing Spots. Verify current rules, health alerts, closures, and local access before user-facing planning.",Fishing Tasmania / NRE Tasmania,https://fishing.tas.gov.au/recreational-fishing/fishing-tips/hot-fishing-spots/fishing-around-the-east-coast-region,True,needs_access_and_closure_check,public_fishing_access_candidate,coastal_estuary,none,official_hot_fishing_spots_page,Triabunna,foreshore
spot_candidate,"Prosser River, Buckland, Tasmania, 7190, Australia",nominatim_first_match,Fishing Tasmania Hot Fishing Spots - East Coast Region,tas_hot_fishing_spots:038:east_coast_region:prosser_river,TAS,-42.586924,147.670239,True,"Named by Fishing Tasmania Hot Fishing Spots. Verify current rules, health alerts, closures, and local access before user-facing planning.",Fishing Tasmania / NRE Tasmania,https://fishing.tas.gov.au/recreational-fishing/fishing-tips/hot-fishing-spots/fishing-around-the-east-coast-region,True,needs_access_and_closure_check,public_fishing_access_candidate,coastal_estuary,none,official_hot_fishing_spots_page,Prosser River,river_mouth
spot_candidate,Earlham Lagoon,manual_spot_coordinate,Fishing Tasmania Hot Fishing Spots - East Coast Region,tas_hot_fishing_spots:039:east_coast_region:earlham_lagoon,TAS,-42.625,147.915,True,"Named by Fishing Tasmania Hot Fishing Spots. Verify current rules, health alerts, closures, and local access before user-facing planning.",Fishing Tasmania / NRE Tasmania,https://fishing.tas.gov.au/recreational-fishing/fishing-tips/hot-fishing-spots/fishing-around-the-east-coast-region,True,needs_access_and_closure_check,public_fishing_access_candidate,coastal_estuary,none,official_hot_fishing_spots_page,Earlham Lagoon,lagoon
spot_candidate,Cremorne Narrows,manual_spot_coordinate,Fishing Tasmania Hot Fishing Spots - Tasman Peninsula Region,tas_hot_fishing_spots:040:tasman_peninsula_region:cremorne_narrows,TAS,-42.943,147.53,True,"Named by Fishing Tasmania Hot Fishing Spots. Verify current rules, health alerts, closures, and local access before user-facing planning.",Fishing Tasmania / NRE Tasmania,https://fishing.tas.gov.au/recreational-fishing/fishing-tips/hot-fishing-spots/fishing-around-the-tasman-peninsula-region,True,needs_access_and_closure_check,public_fishing_access_candidate,coastal_estuary,none,official_hot_fishing_spots_page,Cremorne Narrows,narrows
spot_candidate,"McGees Bridge, Tasman Highway, Cambridge, Tasmania, 7170, Australia",nominatim_first_match,Fishing Tasmania Hot Fishing Spots - Tasman Peninsula Region,tas_hot_fishing_spots:041:tasman_peninsula_region:mcgees_bridge,TAS,-42.806371,147.5261,True,"Named by Fishing Tasmania Hot Fishing Spots. Verify current rules, health alerts, closures, and local access before user-facing planning.",Fishing Tasmania / NRE Tasmania,https://fishing.tas.gov.au/recreational-fishing/fishing-tips/hot-fishing-spots/fishing-around-the-tasman-peninsula-region,True,needs_access_and_closure_check,public_fishing_access_candidate,coastal_estuary,none,official_hot_fishing_spots_page,McGees Bridge,bridge
spot_candidate,"Lewisham, Tasmania, 7173, Australia",nominatim_first_match,Fishing Tasmania Hot Fishing Spots - Tasman Peninsula Region,tas_hot_fishing_spots:042:tasman_peninsula_region:lewisham,TAS,-42.829291,147.606896,True,"Named by Fishing Tasmania Hot Fishing Spots. Verify current rules, health alerts, closures, and local access before user-facing planning.",Fishing Tasmania / NRE Tasmania,https://fishing.tas.gov.au/recreational-fishing/fishing-tips/hot-fishing-spots/fishing-around-the-tasman-peninsula-region,True,needs_access_and_closure_check,public_fishing_access_candidate,coastal_estuary,none,official_hot_fishing_spots_page,Lewisham,foreshore
spot_candidate,"Carlton River, Tasmania, 7173, Australia",nominatim_first_match,Fishing Tasmania Hot Fishing Spots - Tasman Peninsula Region,tas_hot_fishing_spots:043:tasman_peninsula_region:carlton_river,TAS,-42.868699,147.670982,True,"Named by Fishing Tasmania Hot Fishing Spots. Verify current rules, health alerts, closures, and local access before user-facing planning.",Fishing Tasmania / NRE Tasmania,https://fishing.tas.gov.au/recreational-fishing/fishing-tips/hot-fishing-spots/fishing-around-the-tasman-peninsula-region,True,needs_access_and_closure_check,public_fishing_access_candidate,coastal_estuary,none,official_hot_fishing_spots_page,Carlton River,river_mouth
spot_candidate,"Primrose Sands, Tasmania, 7173, Australia",nominatim_first_match,Fishing Tasmania Hot Fishing Spots - Tasman Peninsula Region,tas_hot_fishing_spots:044:tasman_peninsula_region:primrose_sands,TAS,-42.888183,147.66939,True,"Named by Fishing Tasmania Hot Fishing Spots. Verify current rules, health alerts, closures, and local access before user-facing planning.",Fishing Tasmania / NRE Tasmania,https://fishing.tas.gov.au/recreational-fishing/fishing-tips/hot-fishing-spots/fishing-around-the-tasman-peninsula-region,True,needs_access_and_closure_check,public_fishing_access_candidate,coastal_estuary,none,official_hot_fishing_spots_page,Primrose Sands,beach
spot_candidate,Dunalley Canal,manual_spot_coordinate,Fishing Tasmania Hot Fishing Spots - Tasman Peninsula Region,tas_hot_fishing_spots:045:tasman_peninsula_region:dunalley_canal,TAS,-42.8888,147.8057,True,"Named by Fishing Tasmania Hot Fishing Spots. Verify current rules, health alerts, closures, and local access before user-facing planning.",Fishing Tasmania / NRE Tasmania,https://fishing.tas.gov.au/recreational-fishing/fishing-tips/hot-fishing-spots/fishing-around-the-tasman-peninsula-region,True,needs_access_and_closure_check,public_fishing_access_candidate,coastal_estuary,none,official_hot_fishing_spots_page,Dunalley Canal,canal
spot_candidate,Marion Bay Spit,manual_spot_coordinate,Fishing Tasmania Hot Fishing Spots - Tasman Peninsula Region,tas_hot_fishing_spots:046:tasman_peninsula_region:marion_bay_spit,TAS,-42.801,147.89,True,"Named by Fishing Tasmania Hot Fishing Spots. Verify current rules, health alerts, closures, and local access before user-facing planning.",Fishing Tasmania / NRE Tasmania,https://fishing.tas.gov.au/recreational-fishing/fishing-tips/hot-fishing-spots/fishing-around-the-tasman-peninsula-region,True,needs_access_and_closure_check,public_fishing_access_candidate,coastal_estuary,none,official_hot_fishing_spots_page,Marion Bay Spit,spit
spot_candidate,"Pirates Bay, Tasmania, 7179, Australia",nominatim_first_match,Fishing Tasmania Hot Fishing Spots - Tasman Peninsula Region,tas_hot_fishing_spots:047:tasman_peninsula_region:pirates_bay_jetty,TAS,-43.021334,147.938413,True,"Named by Fishing Tasmania Hot Fishing Spots. Verify current rules, health alerts, closures, and local access before user-facing planning.",Fishing Tasmania / NRE Tasmania,https://fishing.tas.gov.au/recreational-fishing/fishing-tips/hot-fishing-spots/fishing-around-the-tasman-peninsula-region,True,needs_access_and_closure_check,public_fishing_access_candidate,coastal_estuary,none,official_hot_fishing_spots_page,Pirates Bay Jetty,jetty
spot_candidate,"Fortescue Bay, Tasmania, Australia",nominatim_first_match,Fishing Tasmania Hot Fishing Spots - Tasman Peninsula Region,tas_hot_fishing_spots:048:tasman_peninsula_region:fortescue_bay,TAS,-43.130052,147.97019,True,"Named by Fishing Tasmania Hot Fishing Spots. Verify current rules, health alerts, closures, and local access before user-facing planning.",Fishing Tasmania / NRE Tasmania,https://fishing.tas.gov.au/recreational-fishing/fishing-tips/hot-fishing-spots/fishing-around-the-tasman-peninsula-region,True,needs_access_and_closure_check,public_fishing_access_candidate,coastal_estuary,none,official_hot_fishing_spots_page,Fortescue Bay,bay
spot_candidate,"Port Arthur, Tasmania, 7182, Australia",nominatim_first_match,Fishing Tasmania Hot Fishing Spots - Tasman Peninsula Region,tas_hot_fishing_spots:049:tasman_peninsula_region:port_arthur,TAS,-43.14353,147.84404,True,"Named by Fishing Tasmania Hot Fishing Spots. Verify current rules, health alerts, closures, and local access before user-facing planning.",Fishing Tasmania / NRE Tasmania,https://fishing.tas.gov.au/recreational-fishing/fishing-tips/hot-fishing-spots/fishing-around-the-tasman-peninsula-region,True,needs_access_and_closure_check,public_fishing_access_candidate,coastal_estuary,none,official_hot_fishing_spots_page,Port Arthur,foreshore
spot_candidate,"White Beach, Tasmania, 7184, Australia",nominatim_first_match,Fishing Tasmania Hot Fishing Spots - Tasman Peninsula Region,tas_hot_fishing_spots:050:tasman_peninsula_region:white_beach,TAS,-43.12488,147.72121,True,"Named by Fishing Tasmania Hot Fishing Spots. Verify current rules, health alerts, closures, and local access before user-facing planning.",Fishing Tasmania / NRE Tasmania,https://fishing.tas.gov.au/recreational-fishing/fishing-tips/hot-fishing-spots/fishing-around-the-tasman-peninsula-region,True,needs_access_and_closure_check,public_fishing_access_candidate,coastal_estuary,none,official_hot_fishing_spots_page,White Beach,beach
spot_candidate,"Nubeena, Tasmania, 7184, Australia",nominatim_first_match,Fishing Tasmania Hot Fishing Spots - Tasman Peninsula Region,tas_hot_fishing_spots:051:tasman_peninsula_region:nubeena,TAS,-43.098826,147.742294,True,"Named by Fishing Tasmania Hot Fishing Spots. Verify current rules, health alerts, closures, and local access before user-facing planning.",Fishing Tasmania / NRE Tasmania,https://fishing.tas.gov.au/recreational-fishing/fishing-tips/hot-fishing-spots/fishing-around-the-tasman-peninsula-region,True,needs_access_and_closure_check,public_fishing_access_candidate,coastal_estuary,none,official_hot_fishing_spots_page,Nubeena,foreshore
spot_candidate,"Taranna, Tasmania, 7180, Australia",nominatim_first_match,Fishing Tasmania Hot Fishing Spots - Tasman Peninsula Region,tas_hot_fishing_spots:052:tasman_peninsula_region:taranna,TAS,-43.054063,147.866571,True,"Named by Fishing Tasmania Hot Fishing Spots. Verify current rules, health alerts, closures, and local access before user-facing planning.",Fishing Tasmania / NRE Tasmania,https://fishing.tas.gov.au/recreational-fishing/fishing-tips/hot-fishing-spots/fishing-around-the-tasman-peninsula-region,True,needs_access_and_closure_check,public_fishing_access_candidate,coastal_estuary,none,official_hot_fishing_spots_page,Taranna,foreshore
spot_candidate,"St Helens, Tasmania, 7216, Australia",nominatim_first_match,Fishing Tasmania Hot Fishing Spots - St Helens Region,tas_hot_fishing_spots:053:st_helens_region:st_helens_wharf,TAS,-41.323631,148.249386,True,"Named by Fishing Tasmania Hot Fishing Spots. Verify current rules, health alerts, closures, and local access before user-facing planning.",Fishing Tasmania / NRE Tasmania,https://fishing.tas.gov.au/recreational-fishing/fishing-tips/hot-fishing-spots/fishing-around-st-helens,True,needs_access_and_closure_check,public_fishing_access_candidate,coastal_estuary,none,official_hot_fishing_spots_page,St Helens Wharf,wharf
spot_candidate,"Beauty Bay, Tasmania, 7015, Australia",nominatim_first_match,Fishing Tasmania Hot Fishing Spots - St Helens Region,tas_hot_fishing_spots:054:st_helens_region:beauty_bay,TAS,-42.851709,147.347794,True,"Named by Fishing Tasmania Hot Fishing Spots. Verify current rules, health alerts, closures, and local access before user-facing planning.",Fishing Tasmania / NRE Tasmania,https://fishing.tas.gov.au/recreational-fishing/fishing-tips/hot-fishing-spots/fishing-around-st-helens,True,needs_access_and_closure_check,public_fishing_access_candidate,coastal_estuary,none,official_hot_fishing_spots_page,Beauty Bay,bay
spot_candidate,Kirwans Beach,manual_spot_coordinate,Fishing Tasmania Hot Fishing Spots - St Helens Region,tas_hot_fishing_spots:055:st_helens_region:kirwans_beach,TAS,-41.3235,148.286,True,"Named by Fishing Tasmania Hot Fishing Spots. Verify current rules, health alerts, closures, and local access before user-facing planning.",Fishing Tasmania / NRE Tasmania,https://fishing.tas.gov.au/recreational-fishing/fishing-tips/hot-fishing-spots/fishing-around-st-helens,True,needs_access_and_closure_check,public_fishing_access_candidate,coastal_estuary,none,official_hot_fishing_spots_page,Kirwans Beach,beach
spot_candidate,Talbot Street,manual_spot_coordinate,Fishing Tasmania Hot Fishing Spots - St Helens Region,tas_hot_fishing_spots:056:st_helens_region:talbot_street,TAS,-41.3249,148.2532,True,"Named by Fishing Tasmania Hot Fishing Spots. Verify current rules, health alerts, closures, and local access before user-facing planning.",Fishing Tasmania / NRE Tasmania,https://fishing.tas.gov.au/recreational-fishing/fishing-tips/hot-fishing-spots/fishing-around-st-helens,True,needs_access_and_closure_check,public_fishing_access_candidate,coastal_estuary,none,official_hot_fishing_spots_page,Talbot Street,shoreline
spot_candidate,Cunninghams Jetty,manual_spot_coordinate,Fishing Tasmania Hot Fishing Spots - St Helens Region,tas_hot_fishing_spots:057:st_helens_region:cunninghams_jetty,TAS,-41.328,148.254,True,"Named by Fishing Tasmania Hot Fishing Spots. Verify current rules, health alerts, closures, and local access before user-facing planning.",Fishing Tasmania / NRE Tasmania,https://fishing.tas.gov.au/recreational-fishing/fishing-tips/hot-fishing-spots/fishing-around-st-helens,True,needs_access_and_closure_check,public_fishing_access_candidate,coastal_estuary,none,official_hot_fishing_spots_page,Cunninghams Jetty,jetty
spot_candidate,Stieglitz Jetty,manual_spot_coordinate,Fishing Tasmania Hot Fishing Spots - St Helens Region,tas_hot_fishing_spots:058:st_helens_region:stieglitz_jetty,TAS,-41.326,148.2923,True,"Named by Fishing Tasmania Hot Fishing Spots. Verify current rules, health alerts, closures, and local access before user-facing planning.",Fishing Tasmania / NRE Tasmania,https://fishing.tas.gov.au/recreational-fishing/fishing-tips/hot-fishing-spots/fishing-around-st-helens,True,needs_access_and_closure_check,public_fishing_access_candidate,coastal_estuary,none,official_hot_fishing_spots_page,Stieglitz Jetty,jetty
spot_candidate,"Akaroa, Break O'Day, Tasmania, 7216, Australia",nominatim_first_match,Fishing Tasmania Hot Fishing Spots - St Helens Region,tas_hot_fishing_spots:059:st_helens_region:akaroa,TAS,-41.30209,148.318155,True,"Named by Fishing Tasmania Hot Fishing Spots. Verify current rules, health alerts, closures, and local access before user-facing planning.",Fishing Tasmania / NRE Tasmania,https://fishing.tas.gov.au/recreational-fishing/fishing-tips/hot-fishing-spots/fishing-around-st-helens,True,needs_access_and_closure_check,public_fishing_access_candidate,coastal_estuary,none,official_hot_fishing_spots_page,Akaroa,foreshore
spot_candidate,"Burns Bay, Sydney, New South Wales, 2110, Australia",nominatim_first_match,Fishing Tasmania Hot Fishing Spots - St Helens Region,tas_hot_fishing_spots:060:st_helens_region:burns_bay,TAS,-33.82668,151.152916,True,"Named by Fishing Tasmania Hot Fishing Spots. Verify current rules, health alerts, closures, and local access before user-facing planning.",Fishing Tasmania / NRE Tasmania,https://fishing.tas.gov.au/recreational-fishing/fishing-tips/hot-fishing-spots/fishing-around-st-helens,True,needs_access_and_closure_check,public_fishing_access_candidate,coastal_estuary,none,official_hot_fishing_spots_page,Burns Bay,bay
spot_candidate,"Maurouard Beach, Akaroa, Stieglitz, Tasmania, 7216, Australia",nominatim_first_match,Fishing Tasmania Hot Fishing Spots - St Helens Region,tas_hot_fishing_spots:061:st_helens_region:maurouard_beach,TAS,-41.320074,148.320902,True,"Named by Fishing Tasmania Hot Fishing Spots. Verify current rules, health alerts, closures, and local access before user-facing planning.",Fishing Tasmania / NRE Tasmania,https://fishing.tas.gov.au/recreational-fishing/fishing-tips/hot-fishing-spots/fishing-around-st-helens,True,needs_access_and_closure_check,public_fishing_access_candidate,coastal_estuary,none,official_hot_fishing_spots_page,Maurouard Beach,beach
spot_candidate,"Dora Point Road, Binalong Bay, Tasmania, 7216, Australia",nominatim_first_match,Fishing Tasmania Hot Fishing Spots - St Helens Region,tas_hot_fishing_spots:062:st_helens_region:dora_point,TAS,-41.270631,148.325982,True,"Named by Fishing Tasmania Hot Fishing Spots. Verify current rules, health alerts, closures, and local access before user-facing planning.",Fishing Tasmania / NRE Tasmania,https://fishing.tas.gov.au/recreational-fishing/fishing-tips/hot-fishing-spots/fishing-around-st-helens,True,needs_access_and_closure_check,public_fishing_access_candidate,coastal_estuary,none,official_hot_fishing_spots_page,Dora Point,shoreline
spot_candidate,"Binalong Bay, Tasmania, 7216, Australia",nominatim_first_match,Fishing Tasmania Hot Fishing Spots - St Helens Region,tas_hot_fishing_spots:063:st_helens_region:binalong_bay,TAS,-41.24899,148.31215,True,"Named by Fishing Tasmania Hot Fishing Spots. Verify current rules, health alerts, closures, and local access before user-facing planning.",Fishing Tasmania / NRE Tasmania,https://fishing.tas.gov.au/recreational-fishing/fishing-tips/hot-fishing-spots/fishing-around-st-helens,True,needs_access_and_closure_check,public_fishing_access_candidate,coastal_estuary,none,official_hot_fishing_spots_page,Binalong Bay,beach_bay
spot_candidate,"Bridport, Tasmania, 7262, Australia",nominatim_first_match,Fishing Tasmania Hot Fishing Spots - North East Coast and Flinders Island,tas_hot_fishing_spots:064:north_east_coast_and_flinders_island:bridport,TAS,-41.002277,147.392519,True,"Named by Fishing Tasmania Hot Fishing Spots. Verify current rules, health alerts, closures, and local access before user-facing planning.",Fishing Tasmania / NRE Tasmania,https://fishing.tas.gov.au/recreational-fishing/fishing-tips/hot-fishing-spots/fishing-around-the-north-east-coast-and-flinders-island,True,needs_access_and_closure_check,public_fishing_access_candidate,coastal_estuary,none,official_hot_fishing_spots_page,Bridport,foreshore
spot_candidate,"Waterhouse, Tasmania, 7262, Australia",nominatim_first_match,Fishing Tasmania Hot Fishing Spots - North East Coast and Flinders Island,tas_hot_fishing_spots:065:north_east_coast_and_flinders_island:waterhouse,TAS,-40.92316,147.65483,True,"Named by Fishing Tasmania Hot Fishing Spots. Verify current rules, health alerts, closures, and local access before user-facing planning.",Fishing Tasmania / NRE Tasmania,https://fishing.tas.gov.au/recreational-fishing/fishing-tips/hot-fishing-spots/fishing-around-the-north-east-coast-and-flinders-island,True,needs_access_and_closure_check,public_fishing_access_candidate,coastal_estuary,none,official_hot_fishing_spots_page,Waterhouse,shoreline
spot_candidate,"Tomahawk, Tasmania, 7262, Australia",nominatim_first_match,Fishing Tasmania Hot Fishing Spots - North East Coast and Flinders Island,tas_hot_fishing_spots:066:north_east_coast_and_flinders_island:tomahawk,TAS,-40.86779,147.75784,True,"Named by Fishing Tasmania Hot Fishing Spots. Verify current rules, health alerts, closures, and local access before user-facing planning.",Fishing Tasmania / NRE Tasmania,https://fishing.tas.gov.au/recreational-fishing/fishing-tips/hot-fishing-spots/fishing-around-the-north-east-coast-and-flinders-island,True,needs_access_and_closure_check,public_fishing_access_candidate,coastal_estuary,none,official_hot_fishing_spots_page,Tomahawk,foreshore
spot_candidate,"Petal Point, Cape Portland, Tasmania, 7264, Australia",nominatim_first_match,Fishing Tasmania Hot Fishing Spots - North East Coast and Flinders Island,tas_hot_fishing_spots:067:north_east_coast_and_flinders_island:petal_point,TAS,-40.77603,147.943725,True,"Named by Fishing Tasmania Hot Fishing Spots. Verify current rules, health alerts, closures, and local access before user-facing planning.",Fishing Tasmania / NRE Tasmania,https://fishing.tas.gov.au/recreational-fishing/fishing-tips/hot-fishing-spots/fishing-around-the-north-east-coast-and-flinders-island,True,needs_access_and_closure_check,public_fishing_access_candidate,coastal_estuary,none,official_hot_fishing_spots_page,Petal Point,shoreline
spot_candidate,"Little Musselroe Bay, Tasmania, Australia",nominatim_first_match,Fishing Tasmania Hot Fishing Spots - North East Coast and Flinders Island,tas_hot_fishing_spots:068:north_east_coast_and_flinders_island:little_musselroe_bay,TAS,-40.769,148.05838,True,"Named by Fishing Tasmania Hot Fishing Spots. Verify current rules, health alerts, closures, and local access before user-facing planning.",Fishing Tasmania / NRE Tasmania,https://fishing.tas.gov.au/recreational-fishing/fishing-tips/hot-fishing-spots/fishing-around-the-north-east-coast-and-flinders-island,True,needs_access_and_closure_check,public_fishing_access_candidate,coastal_estuary,none,official_hot_fishing_spots_page,Little Musselroe Bay,bay
spot_candidate,"Great Musselroe River Conservation Area, Musselroe Bay, Gladstone, Tasmania, 7264, Australia",nominatim_first_match,Fishing Tasmania Hot Fishing Spots - North East Coast and Flinders Island,tas_hot_fishing_spots:069:north_east_coast_and_flinders_island:great_musselroe_bay,TAS,-40.895821,148.09284,True,"Named by Fishing Tasmania Hot Fishing Spots. Verify current rules, health alerts, closures, and local access before user-facing planning.",Fishing Tasmania / NRE Tasmania,https://fishing.tas.gov.au/recreational-fishing/fishing-tips/hot-fishing-spots/fishing-around-the-north-east-coast-and-flinders-island,True,needs_access_and_closure_check,public_fishing_access_candidate,coastal_estuary,none,official_hot_fishing_spots_page,Great Musselroe Bay,bay
spot_candidate,"Eddystone Point, Tasmania, Australia",nominatim_first_match,Fishing Tasmania Hot Fishing Spots - North East Coast and Flinders Island,tas_hot_fishing_spots:070:north_east_coast_and_flinders_island:eddystone_point,TAS,-40.994908,148.349022,True,"Named by Fishing Tasmania Hot Fishing Spots. Verify current rules, health alerts, closures, and local access before user-facing planning.",Fishing Tasmania / NRE Tasmania,https://fishing.tas.gov.au/recreational-fishing/fishing-tips/hot-fishing-spots/fishing-around-the-north-east-coast-and-flinders-island,True,needs_access_and_closure_check,public_fishing_access_candidate,coastal_estuary,none,official_hot_fishing_spots_page,Eddystone Point,shoreline
spot_candidate,"Ansons Bay, Tasmania, 7264, Australia",nominatim_first_match,Fishing Tasmania Hot Fishing Spots - North East Coast and Flinders Island,tas_hot_fishing_spots:071:north_east_coast_and_flinders_island:ansons_bay,TAS,-41.037293,148.269109,True,"Named by Fishing Tasmania Hot Fishing Spots. Verify current rules, health alerts, closures, and local access before user-facing planning.",Fishing Tasmania / NRE Tasmania,https://fishing.tas.gov.au/recreational-fishing/fishing-tips/hot-fishing-spots/fishing-around-the-north-east-coast-and-flinders-island,True,needs_access_and_closure_check,public_fishing_access_candidate,coastal_estuary,none,official_hot_fishing_spots_page,Ansons Bay,bay
spot_candidate,Whitemark Wharf,manual_spot_coordinate,Fishing Tasmania Hot Fishing Spots - North East Coast and Flinders Island,tas_hot_fishing_spots:072:north_east_coast_and_flinders_island:whitemark_wharf,TAS,-40.121,148.018,True,"Named by Fishing Tasmania Hot Fishing Spots. Verify current rules, health alerts, closures, and local access before user-facing planning.",Fishing Tasmania / NRE Tasmania,https://fishing.tas.gov.au/recreational-fishing/fishing-tips/hot-fishing-spots/fishing-around-the-north-east-coast-and-flinders-island,True,needs_access_and_closure_check,public_fishing_access_candidate,coastal_estuary,none,official_hot_fishing_spots_page,Whitemark Wharf,wharf
spot_candidate,Lady Barron Wharf,manual_spot_coordinate,Fishing Tasmania Hot Fishing Spots - North East Coast and Flinders Island,tas_hot_fishing_spots:073:north_east_coast_and_flinders_island:lady_barron_wharf,TAS,-40.211,148.241,True,"Named by Fishing Tasmania Hot Fishing Spots. Verify current rules, health alerts, closures, and local access before user-facing planning.",Fishing Tasmania / NRE Tasmania,https://fishing.tas.gov.au/recreational-fishing/fishing-tips/hot-fishing-spots/fishing-around-the-north-east-coast-and-flinders-island,True,needs_access_and_closure_check,public_fishing_access_candidate,coastal_estuary,none,official_hot_fishing_spots_page,Lady Barron Wharf,wharf
spot_candidate,Settlement Point,manual_spot_coordinate,Fishing Tasmania Hot Fishing Spots - North East Coast and Flinders Island,tas_hot_fishing_spots:074:north_east_coast_and_flinders_island:settlement_point,TAS,-40.095,148.002,True,"Named by Fishing Tasmania Hot Fishing Spots. Verify current rules, health alerts, closures, and local access before user-facing planning.",Fishing Tasmania / NRE Tasmania,https://fishing.tas.gov.au/recreational-fishing/fishing-tips/hot-fishing-spots/fishing-around-the-north-east-coast-and-flinders-island,True,needs_access_and_closure_check,public_fishing_access_candidate,coastal_estuary,none,official_hot_fishing_spots_page,Settlement Point,shoreline
spot_candidate,Palana,manual_spot_coordinate,Fishing Tasmania Hot Fishing Spots - North East Coast and Flinders Island,tas_hot_fishing_spots:075:north_east_coast_and_flinders_island:palana,TAS,-39.754,147.889,True,"Named by Fishing Tasmania Hot Fishing Spots. Verify current rules, health alerts, closures, and local access before user-facing planning.",Fishing Tasmania / NRE Tasmania,https://fishing.tas.gov.au/recreational-fishing/fishing-tips/hot-fishing-spots/fishing-around-the-north-east-coast-and-flinders-island,True,needs_access_and_closure_check,public_fishing_access_candidate,coastal_estuary,none,official_hot_fishing_spots_page,Palana,beach
spot_candidate,North East River,manual_spot_coordinate,Fishing Tasmania Hot Fishing Spots - North East Coast and Flinders Island,tas_hot_fishing_spots:076:north_east_coast_and_flinders_island:north_east_river,TAS,-39.762,148.015,True,"Named by Fishing Tasmania Hot Fishing Spots. Verify current rules, health alerts, closures, and local access before user-facing planning.",Fishing Tasmania / NRE Tasmania,https://fishing.tas.gov.au/recreational-fishing/fishing-tips/hot-fishing-spots/fishing-around-the-north-east-coast-and-flinders-island,True,needs_access_and_closure_check,public_fishing_access_candidate,coastal_estuary,none,official_hot_fishing_spots_page,North East River,river_mouth
spot_candidate,"Greens Beach, Tasmania, 7270, Australia",nominatim_first_match,Fishing Tasmania Hot Fishing Spots - Tamar River,tas_hot_fishing_spots:077:tamar_river:greens_beach,TAS,-41.086096,146.744852,True,"Named by Fishing Tasmania Hot Fishing Spots. Verify current rules, health alerts, closures, and local access before user-facing planning.",Fishing Tasmania / NRE Tasmania,https://fishing.tas.gov.au/recreational-fishing/fishing-tips/hot-fishing-spots/fishing-around-the-tamar-river,True,needs_access_and_closure_check,public_fishing_access_candidate,coastal_estuary,none,official_hot_fishing_spots_page,Greens Beach,beach
spot_candidate,"Kelso Jetty Road, Kelso, Tasmania, 7270, Australia",nominatim_first_match,Fishing Tasmania Hot Fishing Spots - Tamar River,tas_hot_fishing_spots:078:tamar_river:kelso_jetty,TAS,-41.106861,146.794628,True,"Named by Fishing Tasmania Hot Fishing Spots. Verify current rules, health alerts, closures, and local access before user-facing planning.",Fishing Tasmania / NRE Tasmania,https://fishing.tas.gov.au/recreational-fishing/fishing-tips/hot-fishing-spots/fishing-around-the-tamar-river,True,needs_access_and_closure_check,public_fishing_access_candidate,coastal_estuary,none,official_hot_fishing_spots_page,Kelso Jetty,jetty
spot_candidate,"Clarence Point, Tasmania, 7270, Australia",nominatim_first_match,Fishing Tasmania Hot Fishing Spots - Tamar River,tas_hot_fishing_spots:079:tamar_river:clarence_point,TAS,-41.12976,146.80782,True,"Named by Fishing Tasmania Hot Fishing Spots. Verify current rules, health alerts, closures, and local access before user-facing planning.",Fishing Tasmania / NRE Tasmania,https://fishing.tas.gov.au/recreational-fishing/fishing-tips/hot-fishing-spots/fishing-around-the-tamar-river,True,needs_access_and_closure_check,public_fishing_access_candidate,coastal_estuary,none,official_hot_fishing_spots_page,Clarence Point,shoreline
spot_candidate,"Beauty Point, Tasmania, 7270, Australia",nominatim_first_match,Fishing Tasmania Hot Fishing Spots - Tamar River,tas_hot_fishing_spots:080:tamar_river:beauty_point_wharf,TAS,-41.156719,146.820431,True,"Named by Fishing Tasmania Hot Fishing Spots. Verify current rules, health alerts, closures, and local access before user-facing planning.",Fishing Tasmania / NRE Tasmania,https://fishing.tas.gov.au/recreational-fishing/fishing-tips/hot-fishing-spots/fishing-around-the-tamar-river,True,needs_access_and_closure_check,public_fishing_access_candidate,coastal_estuary,none,official_hot_fishing_spots_page,Beauty Point Wharf,wharf
spot_candidate,"Sidmouth, West Tamar, Tasmania, 7270, Australia",nominatim_first_match,Fishing Tasmania Hot Fishing Spots - Tamar River,tas_hot_fishing_spots:081:tamar_river:sidmouth,TAS,-41.22141,146.88822,True,"Named by Fishing Tasmania Hot Fishing Spots. Verify current rules, health alerts, closures, and local access before user-facing planning.",Fishing Tasmania / NRE Tasmania,https://fishing.tas.gov.au/recreational-fishing/fishing-tips/hot-fishing-spots/fishing-around-the-tamar-river,True,needs_access_and_closure_check,public_fishing_access_candidate,coastal_estuary,none,official_hot_fishing_spots_page,Sidmouth,foreshore
spot_candidate,Deviot Pontoon,manual_spot_coordinate,Fishing Tasmania Hot Fishing Spots - Tamar River,tas_hot_fishing_spots:082:tamar_river:deviot_pontoon,TAS,-41.2647,146.9565,True,"Named by Fishing Tasmania Hot Fishing Spots. Verify current rules, health alerts, closures, and local access before user-facing planning.",Fishing Tasmania / NRE Tasmania,https://fishing.tas.gov.au/recreational-fishing/fishing-tips/hot-fishing-spots/fishing-around-the-tamar-river,True,needs_access_and_closure_check,public_fishing_access_candidate,coastal_estuary,none,official_hot_fishing_spots_page,Deviot Pontoon,pontoon
spot_candidate,"Hillwood, Tasmania, 7252, Australia",nominatim_first_match,Fishing Tasmania Hot Fishing Spots - Tamar River,tas_hot_fishing_spots:083:tamar_river:hillwood,TAS,-41.241808,146.977878,True,"Named by Fishing Tasmania Hot Fishing Spots. Verify current rules, health alerts, closures, and local access before user-facing planning.",Fishing Tasmania / NRE Tasmania,https://fishing.tas.gov.au/recreational-fishing/fishing-tips/hot-fishing-spots/fishing-around-the-tamar-river,True,needs_access_and_closure_check,public_fishing_access_candidate,coastal_estuary,none,official_hot_fishing_spots_page,Hillwood,foreshore
spot_candidate,"George Town, Tasmania, 7253, Australia",nominatim_first_match,Fishing Tasmania Hot Fishing Spots - Tamar River,tas_hot_fishing_spots:084:tamar_river:george_town,TAS,-41.105016,146.823846,True,"Named by Fishing Tasmania Hot Fishing Spots. Verify current rules, health alerts, closures, and local access before user-facing planning.",Fishing Tasmania / NRE Tasmania,https://fishing.tas.gov.au/recreational-fishing/fishing-tips/hot-fishing-spots/fishing-around-the-tamar-river,True,needs_access_and_closure_check,public_fishing_access_candidate,coastal_estuary,none,official_hot_fishing_spots_page,George Town,foreshore
spot_candidate,Low Head Pilot Station,manual_spot_coordinate,Fishing Tasmania Hot Fishing Spots - Tamar River,tas_hot_fishing_spots:085:tamar_river:low_head_pilot_station,TAS,-41.0546,146.7929,True,"Named by Fishing Tasmania Hot Fishing Spots. Verify current rules, health alerts, closures, and local access before user-facing planning.",Fishing Tasmania / NRE Tasmania,https://fishing.tas.gov.au/recreational-fishing/fishing-tips/hot-fishing-spots/fishing-around-the-tamar-river,True,needs_access_and_closure_check,public_fishing_access_candidate,coastal_estuary,none,official_hot_fishing_spots_page,Low Head Pilot Station,shoreline
spot_candidate,"Beechford, Tasmania, 7252, Australia",nominatim_first_match,Fishing Tasmania Hot Fishing Spots - Tamar River,tas_hot_fishing_spots:086:tamar_river:beechford,TAS,-41.027549,146.951364,True,"Named by Fishing Tasmania Hot Fishing Spots. Verify current rules, health alerts, closures, and local access before user-facing planning.",Fishing Tasmania / NRE Tasmania,https://fishing.tas.gov.au/recreational-fishing/fishing-tips/hot-fishing-spots/fishing-around-the-tamar-river,True,needs_access_and_closure_check,public_fishing_access_candidate,coastal_estuary,none,official_hot_fishing_spots_page,Beechford,beach
spot_candidate,"Weymouth, Tasmania, 7252, Australia",nominatim_first_match,Fishing Tasmania Hot Fishing Spots - Tamar River,tas_hot_fishing_spots:087:tamar_river:weymouth,TAS,-41.015664,147.151922,True,"Named by Fishing Tasmania Hot Fishing Spots. Verify current rules, health alerts, closures, and local access before user-facing planning.",Fishing Tasmania / NRE Tasmania,https://fishing.tas.gov.au/recreational-fishing/fishing-tips/hot-fishing-spots/fishing-around-the-tamar-river,True,needs_access_and_closure_check,public_fishing_access_candidate,coastal_estuary,none,official_hot_fishing_spots_page,Weymouth,beach
spot_candidate,"Bellingham, Tasmania, 7254, Australia",nominatim_first_match,Fishing Tasmania Hot Fishing Spots - Tamar River,tas_hot_fishing_spots:088:tamar_river:bellingham,TAS,-41.01702,147.165409,True,"Named by Fishing Tasmania Hot Fishing Spots. Verify current rules, health alerts, closures, and local access before user-facing planning.",Fishing Tasmania / NRE Tasmania,https://fishing.tas.gov.au/recreational-fishing/fishing-tips/hot-fishing-spots/fishing-around-the-tamar-river,True,needs_access_and_closure_check,public_fishing_access_candidate,coastal_estuary,none,official_hot_fishing_spots_page,Bellingham,beach
spot_candidate,"Bakers Beach, Tasmania, 7307, Australia",nominatim_first_match,Fishing Tasmania Hot Fishing Spots - Devonport and Port Sorell Region,tas_hot_fishing_spots:089:devonport_and_port_sorell_region:bakers_beach,TAS,-41.147537,146.600398,True,"Named by Fishing Tasmania Hot Fishing Spots. Verify current rules, health alerts, closures, and local access before user-facing planning.",Fishing Tasmania / NRE Tasmania,https://fishing.tas.gov.au/recreational-fishing/fishing-tips/hot-fishing-spots/fishing-around-devonport-and-port-sorell,True,needs_access_and_closure_check,public_fishing_access_candidate,coastal_estuary,none,official_hot_fishing_spots_page,Bakers Beach,beach
spot_candidate,"Squeaking Point Jetty, Charles Street, Squeaking Point, Tasmania, 7307, Australia",nominatim_first_match,Fishing Tasmania Hot Fishing Spots - Devonport and Port Sorell Region,tas_hot_fishing_spots:090:devonport_and_port_sorell_region:squeaking_point_jetty,TAS,-41.189349,146.572047,True,"Named by Fishing Tasmania Hot Fishing Spots. Verify current rules, health alerts, closures, and local access before user-facing planning.",Fishing Tasmania / NRE Tasmania,https://fishing.tas.gov.au/recreational-fishing/fishing-tips/hot-fishing-spots/fishing-around-devonport-and-port-sorell,True,needs_access_and_closure_check,public_fishing_access_candidate,coastal_estuary,none,official_hot_fishing_spots_page,Squeaking Point Jetty,jetty
spot_candidate,"Port Sorell Jetty, Darling Street, Port Sorell, Tasmania, 7307, Australia",nominatim_first_match,Fishing Tasmania Hot Fishing Spots - Devonport and Port Sorell Region,tas_hot_fishing_spots:091:devonport_and_port_sorell_region:port_sorell_jetty,TAS,-41.163513,146.557696,True,"Named by Fishing Tasmania Hot Fishing Spots. Verify current rules, health alerts, closures, and local access before user-facing planning.",Fishing Tasmania / NRE Tasmania,https://fishing.tas.gov.au/recreational-fishing/fishing-tips/hot-fishing-spots/fishing-around-devonport-and-port-sorell,True,needs_access_and_closure_check,public_fishing_access_candidate,coastal_estuary,none,official_hot_fishing_spots_page,Port Sorell Jetty,jetty
spot_candidate,Moorlands Beach,manual_spot_coordinate,Fishing Tasmania Hot Fishing Spots - Devonport and Port Sorell Region,tas_hot_fishing_spots:092:devonport_and_port_sorell_region:moorlands_beach,TAS,-41.156,146.57,True,"Named by Fishing Tasmania Hot Fishing Spots. Verify current rules, health alerts, closures, and local access before user-facing planning.",Fishing Tasmania / NRE Tasmania,https://fishing.tas.gov.au/recreational-fishing/fishing-tips/hot-fishing-spots/fishing-around-devonport-and-port-sorell,True,needs_access_and_closure_check,public_fishing_access_candidate,coastal_estuary,none,official_hot_fishing_spots_page,Moorlands Beach,beach
spot_candidate,Reg Hope Park,manual_spot_coordinate,Fishing Tasmania Hot Fishing Spots - Devonport and Port Sorell Region,tas_hot_fishing_spots:093:devonport_and_port_sorell_region:reg_hope_park,TAS,-41.2345,146.415,True,"Named by Fishing Tasmania Hot Fishing Spots. Verify current rules, health alerts, closures, and local access before user-facing planning.",Fishing Tasmania / NRE Tasmania,https://fishing.tas.gov.au/recreational-fishing/fishing-tips/hot-fishing-spots/fishing-around-devonport-and-port-sorell,True,needs_access_and_closure_check,public_fishing_access_candidate,coastal_estuary,none,official_hot_fishing_spots_page,Reg Hope Park,park_reserve
spot_candidate,"Horsehead Creek, Stony Rise, Devonport, Tasmania, 7310, Australia",nominatim_first_match,Fishing Tasmania Hot Fishing Spots - Devonport and Port Sorell Region,tas_hot_fishing_spots:094:devonport_and_port_sorell_region:horsehead_creek,TAS,-41.202005,146.343852,True,"Named by Fishing Tasmania Hot Fishing Spots. Verify current rules, health alerts, closures, and local access before user-facing planning.",Fishing Tasmania / NRE Tasmania,https://fishing.tas.gov.au/recreational-fishing/fishing-tips/hot-fishing-spots/fishing-around-devonport-and-port-sorell,True,needs_access_and_closure_check,public_fishing_access_candidate,coastal_estuary,none,official_hot_fishing_spots_page,Horsehead Creek,creek_mouth
spot_candidate,Mussel Rock Lighthouse,manual_spot_coordinate,Fishing Tasmania Hot Fishing Spots - Devonport and Port Sorell Region,tas_hot_fishing_spots:095:devonport_and_port_sorell_region:mussel_rock_lighthouse,TAS,-41.1528,146.423,True,"Named by Fishing Tasmania Hot Fishing Spots. Verify current rules, health alerts, closures, and local access before user-facing planning.",Fishing Tasmania / NRE Tasmania,https://fishing.tas.gov.au/recreational-fishing/fishing-tips/hot-fishing-spots/fishing-around-devonport-and-port-sorell,True,needs_access_and_closure_check,public_fishing_access_candidate,coastal_estuary,none,official_hot_fishing_spots_page,Mussel Rock Lighthouse,shoreline
spot_candidate,"Mersey Bluff, Devonport, Tasmania, 7310, Australia",nominatim_first_match,Fishing Tasmania Hot Fishing Spots - Devonport and Port Sorell Region,tas_hot_fishing_spots:096:devonport_and_port_sorell_region:mersey_bluff,TAS,-41.158329,146.355212,True,"Named by Fishing Tasmania Hot Fishing Spots. Verify current rules, health alerts, closures, and local access before user-facing planning.",Fishing Tasmania / NRE Tasmania,https://fishing.tas.gov.au/recreational-fishing/fishing-tips/hot-fishing-spots/fishing-around-devonport-and-port-sorell,True,needs_access_and_closure_check,public_fishing_access_candidate,coastal_estuary,none,official_hot_fishing_spots_page,Mersey Bluff,shoreline
spot_candidate,"Don Heads, Don, Devonport, Tasmania, 7310, Australia",nominatim_first_match,Fishing Tasmania Hot Fishing Spots - Devonport and Port Sorell Region,tas_hot_fishing_spots:097:devonport_and_port_sorell_region:don_heads,TAS,-41.159877,146.3328,True,"Named by Fishing Tasmania Hot Fishing Spots. Verify current rules, health alerts, closures, and local access before user-facing planning.",Fishing Tasmania / NRE Tasmania,https://fishing.tas.gov.au/recreational-fishing/fishing-tips/hot-fishing-spots/fishing-around-devonport-and-port-sorell,True,needs_access_and_closure_check,public_fishing_access_candidate,coastal_estuary,none,official_hot_fishing_spots_page,Don Heads,shoreline
spot_candidate,"Turners Beach, Tasmania, 7315, Australia",nominatim_first_match,Fishing Tasmania Hot Fishing Spots - Devonport and Port Sorell Region,tas_hot_fishing_spots:098:devonport_and_port_sorell_region:turners_beach,TAS,-41.160506,146.242928,True,"Named by Fishing Tasmania Hot Fishing Spots. Verify current rules, health alerts, closures, and local access before user-facing planning.",Fishing Tasmania / NRE Tasmania,https://fishing.tas.gov.au/recreational-fishing/fishing-tips/hot-fishing-spots/fishing-around-devonport-and-port-sorell,True,needs_access_and_closure_check,public_fishing_access_candidate,coastal_estuary,none,official_hot_fishing_spots_page,Turners Beach,beach
spot_candidate,"River Leven, Tasmania, Australia",nominatim_first_match,Fishing Tasmania Hot Fishing Spots - Devonport and Port Sorell Region,tas_hot_fishing_spots:099:devonport_and_port_sorell_region:leven_river,TAS,-41.339339,145.994435,True,"Named by Fishing Tasmania Hot Fishing Spots. Verify current rules, health alerts, closures, and local access before user-facing planning.",Fishing Tasmania / NRE Tasmania,https://fishing.tas.gov.au/recreational-fishing/fishing-tips/hot-fishing-spots/fishing-around-devonport-and-port-sorell,True,needs_access_and_closure_check,public_fishing_access_candidate,coastal_estuary,none,official_hot_fishing_spots_page,Leven River,river_mouth
spot_candidate,"South Burnie Boat Ramp, North West Coastal Pathway, South Burnie, Burnie, City of Burnie, Tasmania, 7320, Australia",nominatim_first_match,Fishing Tasmania Hot Fishing Spots - North West Coast,tas_hot_fishing_spots:100:north_west_coast:burnie_boat_ramp,TAS,-41.060824,145.918706,True,"Named by Fishing Tasmania Hot Fishing Spots. Verify current rules, health alerts, closures, and local access before user-facing planning.",Fishing Tasmania / NRE Tasmania,https://fishing.tas.gov.au/recreational-fishing/fishing-tips/hot-fishing-spots/fishing-around-the-north-west-coast,False,needs_access_and_closure_check,public_access_only,coastal_estuary,none,official_hot_fishing_spots_page,Burnie Boat Ramp,boat_ramp_named_in_guide
spot_candidate,"Cooee Point, Cooee, Burnie, Tasmania, 7320, Australia",nominatim_first_match,Fishing Tasmania Hot Fishing Spots - North West Coast,tas_hot_fishing_spots:101:north_west_coast:cooee_point,TAS,-41.036901,145.876534,True,"Named by Fishing Tasmania Hot Fishing Spots. Verify current rules, health alerts, closures, and local access before user-facing planning.",Fishing Tasmania / NRE Tasmania,https://fishing.tas.gov.au/recreational-fishing/fishing-tips/hot-fishing-spots/fishing-around-the-north-west-coast,True,needs_access_and_closure_check,public_fishing_access_candidate,coastal_estuary,none,official_hot_fishing_spots_page,Cooee Point,shoreline
spot_candidate,"Doctors Rocks, Tasmania, 7325, Australia",nominatim_first_match,Fishing Tasmania Hot Fishing Spots - North West Coast,tas_hot_fishing_spots:102:north_west_coast:doctors_rocks,TAS,-41.011932,145.78046,True,"Named by Fishing Tasmania Hot Fishing Spots. Verify current rules, health alerts, closures, and local access before user-facing planning.",Fishing Tasmania / NRE Tasmania,https://fishing.tas.gov.au/recreational-fishing/fishing-tips/hot-fishing-spots/fishing-around-the-north-west-coast,True,needs_access_and_closure_check,public_fishing_access_candidate,coastal_estuary,none,official_hot_fishing_spots_page,Doctors Rocks,shoreline
spot_candidate,"Wynyard Wharf Seafoods, Goldie Street, East Wynyard, Wynyard, Tasmania, 7325, Australia",nominatim_first_match,Fishing Tasmania Hot Fishing Spots - North West Coast,tas_hot_fishing_spots:103:north_west_coast:wynyard_wharf,TAS,-40.987871,145.732969,True,"Named by Fishing Tasmania Hot Fishing Spots. Verify current rules, health alerts, closures, and local access before user-facing planning.",Fishing Tasmania / NRE Tasmania,https://fishing.tas.gov.au/recreational-fishing/fishing-tips/hot-fishing-spots/fishing-around-the-north-west-coast,True,needs_access_and_closure_check,public_fishing_access_candidate,coastal_estuary,none,official_hot_fishing_spots_page,Wynyard Wharf,wharf
spot_candidate,"Boat Harbour, Tasmania, 7321, Australia",nominatim_first_match,Fishing Tasmania Hot Fishing Spots - North West Coast,tas_hot_fishing_spots:104:north_west_coast:boat_harbour,TAS,-40.94623,145.63837,True,"Named by Fishing Tasmania Hot Fishing Spots. Verify current rules, health alerts, closures, and local access before user-facing planning.",Fishing Tasmania / NRE Tasmania,https://fishing.tas.gov.au/recreational-fishing/fishing-tips/hot-fishing-spots/fishing-around-the-north-west-coast,True,needs_access_and_closure_check,public_fishing_access_candidate,coastal_estuary,none,official_hot_fishing_spots_page,Boat Harbour,beach_bay
spot_candidate,"Sisters Beach, Tasmania, 7321, Australia",nominatim_first_match,Fishing Tasmania Hot Fishing Spots - North West Coast,tas_hot_fishing_spots:105:north_west_coast:sisters_beach,TAS,-40.917781,145.561487,True,"Named by Fishing Tasmania Hot Fishing Spots. Verify current rules, health alerts, closures, and local access before user-facing planning.",Fishing Tasmania / NRE Tasmania,https://fishing.tas.gov.au/recreational-fishing/fishing-tips/hot-fishing-spots/fishing-around-the-north-west-coast,True,needs_access_and_closure_check,public_fishing_access_candidate,coastal_estuary,none,official_hot_fishing_spots_page,Sisters Beach,beach
spot_candidate,"Rocky Cape, Tasmania, 7321, Australia",nominatim_first_match,Fishing Tasmania Hot Fishing Spots - North West Coast,tas_hot_fishing_spots:106:north_west_coast:rocky_cape,TAS,-40.88727,145.467352,True,"Named by Fishing Tasmania Hot Fishing Spots. Verify current rules, health alerts, closures, and local access before user-facing planning.",Fishing Tasmania / NRE Tasmania,https://fishing.tas.gov.au/recreational-fishing/fishing-tips/hot-fishing-spots/fishing-around-the-north-west-coast,True,needs_access_and_closure_check,public_fishing_access_candidate,coastal_estuary,none,official_hot_fishing_spots_page,Rocky Cape,shoreline
spot_candidate,"BIG4 Stanley Holiday Park, 23a, Wharf Road, Stanley, Tasmania, 7331, Australia",nominatim_first_match,Fishing Tasmania Hot Fishing Spots - North West Coast,tas_hot_fishing_spots:107:north_west_coast:stanley_wharf,TAS,-40.763378,145.294056,True,"Named by Fishing Tasmania Hot Fishing Spots. Verify current rules, health alerts, closures, and local access before user-facing planning.",Fishing Tasmania / NRE Tasmania,https://fishing.tas.gov.au/recreational-fishing/fishing-tips/hot-fishing-spots/fishing-around-the-north-west-coast,True,needs_access_and_closure_check,public_fishing_access_candidate,coastal_estuary,none,official_hot_fishing_spots_page,Stanley Wharf,wharf
spot_candidate,East Inlet,manual_spot_coordinate,Fishing Tasmania Hot Fishing Spots - North West Coast,tas_hot_fishing_spots:108:north_west_coast:east_inlet,TAS,-40.76,145.26,True,"Named by Fishing Tasmania Hot Fishing Spots. Verify current rules, health alerts, closures, and local access before user-facing planning.",Fishing Tasmania / NRE Tasmania,https://fishing.tas.gov.au/recreational-fishing/fishing-tips/hot-fishing-spots/fishing-around-the-north-west-coast,True,needs_access_and_closure_check,public_fishing_access_candidate,coastal_estuary,none,official_hot_fishing_spots_page,East Inlet,inlet
spot_candidate,West Inlet,manual_spot_coordinate,Fishing Tasmania Hot Fishing Spots - North West Coast,tas_hot_fishing_spots:109:north_west_coast:west_inlet,TAS,-40.77,145.225,True,"Named by Fishing Tasmania Hot Fishing Spots. Verify current rules, health alerts, closures, and local access before user-facing planning.",Fishing Tasmania / NRE Tasmania,https://fishing.tas.gov.au/recreational-fishing/fishing-tips/hot-fishing-spots/fishing-around-the-north-west-coast,True,needs_access_and_closure_check,public_fishing_access_candidate,coastal_estuary,none,official_hot_fishing_spots_page,West Inlet,inlet
spot_candidate,"Godfreys Beach, Stanley, Tasmania, 7331, Australia",nominatim_first_match,Fishing Tasmania Hot Fishing Spots - North West Coast,tas_hot_fishing_spots:110:north_west_coast:godfreys_beach,TAS,-40.754588,145.295137,True,"Named by Fishing Tasmania Hot Fishing Spots. Verify current rules, health alerts, closures, and local access before user-facing planning.",Fishing Tasmania / NRE Tasmania,https://fishing.tas.gov.au/recreational-fishing/fishing-tips/hot-fishing-spots/fishing-around-the-north-west-coast,True,needs_access_and_closure_check,public_fishing_access_candidate,coastal_estuary,none,official_hot_fishing_spots_page,Godfreys Beach,beach
spot_candidate,"Duck Bay, Tasmania, Australia",nominatim_first_match,Fishing Tasmania Hot Fishing Spots - North West Coast,tas_hot_fishing_spots:111:north_west_coast:duck_bay,TAS,-40.806383,145.11024,True,"Named by Fishing Tasmania Hot Fishing Spots. Verify current rules, health alerts, closures, and local access before user-facing planning.",Fishing Tasmania / NRE Tasmania,https://fishing.tas.gov.au/recreational-fishing/fishing-tips/hot-fishing-spots/fishing-around-the-north-west-coast,True,needs_access_and_closure_check,public_fishing_access_candidate,coastal_estuary,none,official_hot_fishing_spots_page,Duck Bay,bay
spot_candidate,"Montagu, Tasmania, 7330, Australia",nominatim_first_match,Fishing Tasmania Hot Fishing Spots - North West Coast,tas_hot_fishing_spots:112:north_west_coast:montagu,TAS,-40.7774,144.95499,True,"Named by Fishing Tasmania Hot Fishing Spots. Verify current rules, health alerts, closures, and local access before user-facing planning.",Fishing Tasmania / NRE Tasmania,https://fishing.tas.gov.au/recreational-fishing/fishing-tips/hot-fishing-spots/fishing-around-the-north-west-coast,True,needs_access_and_closure_check,public_fishing_access_candidate,coastal_estuary,none,official_hot_fishing_spots_page,Montagu,foreshore
spot_candidate,"Arthur River, Tasmania, Australia",nominatim_first_match,Fishing Tasmania Hot Fishing Spots - North West Coast,tas_hot_fishing_spots:113:north_west_coast:arthur_river,TAS,-41.073666,145.238841,True,"Named by Fishing Tasmania Hot Fishing Spots. Verify current rules, health alerts, closures, and local access before user-facing planning.",Fishing Tasmania / NRE Tasmania,https://fishing.tas.gov.au/recreational-fishing/fishing-tips/hot-fishing-spots/fishing-around-the-north-west-coast,True,needs_access_and_closure_check,public_fishing_access_candidate,coastal_estuary,none,official_hot_fishing_spots_page,Arthur River,river_mouth
spot_candidate,"Marrawah, Tasmania, 7330, Australia",nominatim_first_match,Fishing Tasmania Hot Fishing Spots - North West Coast,tas_hot_fishing_spots:114:north_west_coast:marrawah,TAS,-40.919424,144.699151,True,"Named by Fishing Tasmania Hot Fishing Spots. Verify current rules, health alerts, closures, and local access before user-facing planning.",Fishing Tasmania / NRE Tasmania,https://fishing.tas.gov.au/recreational-fishing/fishing-tips/hot-fishing-spots/fishing-around-the-north-west-coast,True,needs_access_and_closure_check,public_fishing_access_candidate,coastal_estuary,none,official_hot_fishing_spots_page,Marrawah,beach
spot_candidate,Grassy Jetty,manual_spot_coordinate,Fishing Tasmania Hot Fishing Spots - King Island,tas_hot_fishing_spots:115:king_island:grassy_jetty,TAS,-40.0636,144.0571,True,"Named by Fishing Tasmania Hot Fishing Spots. Verify current rules, health alerts, closures, and local access before user-facing planning.",Fishing Tasmania / NRE Tasmania,https://fishing.tas.gov.au/recreational-fishing/fishing-tips/hot-fishing-spots/fishing-around-king-island,True,needs_access_and_closure_check,public_fishing_access_candidate,coastal_estuary,none,official_hot_fishing_spots_page,Grassy Jetty,jetty
spot_candidate,Bold Head,manual_spot_coordinate,Fishing Tasmania Hot Fishing Spots - King Island,tas_hot_fishing_spots:116:king_island:bold_head,TAS,-39.995,143.84,True,"Named by Fishing Tasmania Hot Fishing Spots. Verify current rules, health alerts, closures, and local access before user-facing planning.",Fishing Tasmania / NRE Tasmania,https://fishing.tas.gov.au/recreational-fishing/fishing-tips/hot-fishing-spots/fishing-around-king-island,True,needs_access_and_closure_check,public_fishing_access_candidate,coastal_estuary,none,official_hot_fishing_spots_page,Bold Head,shoreline
spot_candidate,Naracoopa Jetty,manual_spot_coordinate,Fishing Tasmania Hot Fishing Spots - King Island,tas_hot_fishing_spots:117:king_island:naracoopa_jetty,TAS,-39.922,144.118,True,"Named by Fishing Tasmania Hot Fishing Spots. Verify current rules, health alerts, closures, and local access before user-facing planning.",Fishing Tasmania / NRE Tasmania,https://fishing.tas.gov.au/recreational-fishing/fishing-tips/hot-fishing-spots/fishing-around-king-island,True,needs_access_and_closure_check,public_fishing_access_candidate,coastal_estuary,none,official_hot_fishing_spots_page,Naracoopa Jetty,jetty
spot_candidate,Sea Elephant,manual_spot_coordinate,Fishing Tasmania Hot Fishing Spots - King Island,tas_hot_fishing_spots:118:king_island:sea_elephant,TAS,-39.785,144.075,True,"Named by Fishing Tasmania Hot Fishing Spots. Verify current rules, health alerts, closures, and local access before user-facing planning.",Fishing Tasmania / NRE Tasmania,https://fishing.tas.gov.au/recreational-fishing/fishing-tips/hot-fishing-spots/fishing-around-king-island,True,needs_access_and_closure_check,public_fishing_access_candidate,coastal_estuary,none,official_hot_fishing_spots_page,Sea Elephant,shoreline
spot_candidate,"Lavinia Point, Egg Lagoon, King Island Council, Tasmania, 7256, Australia",nominatim_first_match,Fishing Tasmania Hot Fishing Spots - King Island,tas_hot_fishing_spots:119:king_island:lavinia_point,TAS,-39.670254,144.10643,True,"Named by Fishing Tasmania Hot Fishing Spots. Verify current rules, health alerts, closures, and local access before user-facing planning.",Fishing Tasmania / NRE Tasmania,https://fishing.tas.gov.au/recreational-fishing/fishing-tips/hot-fishing-spots/fishing-around-king-island,True,needs_access_and_closure_check,public_fishing_access_candidate,coastal_estuary,none,official_hot_fishing_spots_page,Lavinia Point,shoreline
spot_candidate,Three Sisters,manual_spot_coordinate,Fishing Tasmania Hot Fishing Spots - King Island,tas_hot_fishing_spots:120:king_island:three_sisters,TAS,-39.78,143.92,True,"Named by Fishing Tasmania Hot Fishing Spots. Verify current rules, health alerts, closures, and local access before user-facing planning.",Fishing Tasmania / NRE Tasmania,https://fishing.tas.gov.au/recreational-fishing/fishing-tips/hot-fishing-spots/fishing-around-king-island,True,needs_access_and_closure_check,public_fishing_access_candidate,coastal_estuary,none,official_hot_fishing_spots_page,Three Sisters,shoreline
spot_candidate,Phoques Bay,manual_spot_coordinate,Fishing Tasmania Hot Fishing Spots - King Island,tas_hot_fishing_spots:121:king_island:phoques_bay,TAS,-39.666667,143.930556,True,"Named by Fishing Tasmania Hot Fishing Spots. Verify current rules, health alerts, closures, and local access before user-facing planning.",Fishing Tasmania / NRE Tasmania,https://fishing.tas.gov.au/recreational-fishing/fishing-tips/hot-fishing-spots/fishing-around-king-island,True,needs_access_and_closure_check,public_fishing_access_candidate,coastal_estuary,none,official_hot_fishing_spots_page,Phoques Bay,bay
spot_candidate,"Currie, King Island Council, Tasmania, 7256, Australia",nominatim_first_match,Fishing Tasmania Hot Fishing Spots - King Island,tas_hot_fishing_spots:122:king_island:currie,TAS,-39.931263,143.849395,True,"Named by Fishing Tasmania Hot Fishing Spots. Verify current rules, health alerts, closures, and local access before user-facing planning.",Fishing Tasmania / NRE Tasmania,https://fishing.tas.gov.au/recreational-fishing/fishing-tips/hot-fishing-spots/fishing-around-king-island,True,needs_access_and_closure_check,public_fishing_access_candidate,coastal_estuary,none,official_hot_fishing_spots_page,Currie,foreshore
spot_candidate,British Admiral Point,manual_spot_coordinate,Fishing Tasmania Hot Fishing Spots - King Island,tas_hot_fishing_spots:123:king_island:british_admiral_point,TAS,-40.105,143.865,True,"Named by Fishing Tasmania Hot Fishing Spots. Verify current rules, health alerts, closures, and local access before user-facing planning.",Fishing Tasmania / NRE Tasmania,https://fishing.tas.gov.au/recreational-fishing/fishing-tips/hot-fishing-spots/fishing-around-king-island,True,needs_access_and_closure_check,public_fishing_access_candidate,coastal_estuary,none,official_hot_fishing_spots_page,British Admiral Point,shoreline
spot_candidate,Ocean Beach,manual_spot_coordinate,Fishing Tasmania Hot Fishing Spots - Macquarie Harbour,tas_hot_fishing_spots:124:macquarie_harbour:ocean_beach,TAS,-42.163,145.223,True,"Named by Fishing Tasmania Hot Fishing Spots. Verify current rules, health alerts, closures, and local access before user-facing planning.",Fishing Tasmania / NRE Tasmania,https://fishing.tas.gov.au/recreational-fishing/fishing-tips/hot-fishing-spots/macquarie-harbour,True,needs_access_and_closure_check,public_fishing_access_candidate,coastal_estuary,none,official_hot_fishing_spots_page,Ocean Beach,beach
spot_candidate,Macquarie Heads,manual_spot_coordinate,Fishing Tasmania Hot Fishing Spots - Macquarie Harbour,tas_hot_fishing_spots:125:macquarie_harbour:macquarie_heads,TAS,-42.212,145.205,True,"Named by Fishing Tasmania Hot Fishing Spots. Verify current rules, health alerts, closures, and local access before user-facing planning.",Fishing Tasmania / NRE Tasmania,https://fishing.tas.gov.au/recreational-fishing/fishing-tips/hot-fishing-spots/macquarie-harbour,True,needs_access_and_closure_check,public_fishing_access_candidate,coastal_estuary,none,official_hot_fishing_spots_page,Macquarie Heads,shoreline
spot_candidate,Swan Basin,manual_spot_coordinate,Fishing Tasmania Hot Fishing Spots - Macquarie Harbour,tas_hot_fishing_spots:126:macquarie_harbour:swan_basin,TAS,-42.25,145.4,True,"Named by Fishing Tasmania Hot Fishing Spots. Verify current rules, health alerts, closures, and local access before user-facing planning.",Fishing Tasmania / NRE Tasmania,https://fishing.tas.gov.au/recreational-fishing/fishing-tips/hot-fishing-spots/macquarie-harbour,True,needs_access_and_closure_check,public_fishing_access_candidate,coastal_estuary,none,official_hot_fishing_spots_page,Swan Basin,basin
spot_candidate,Strahan Public Jetty,manual_spot_coordinate,Fishing Tasmania Hot Fishing Spots - Macquarie Harbour,tas_hot_fishing_spots:127:macquarie_harbour:strahan_public_jetty,TAS,-42.1515,145.3278,True,"Named by Fishing Tasmania Hot Fishing Spots. Verify current rules, health alerts, closures, and local access before user-facing planning.",Fishing Tasmania / NRE Tasmania,https://fishing.tas.gov.au/recreational-fishing/fishing-tips/hot-fishing-spots/macquarie-harbour,True,needs_access_and_closure_check,public_fishing_access_candidate,coastal_estuary,none,official_hot_fishing_spots_page,Strahan Public Jetty,jetty
spot_candidate,Regatta Point,manual_spot_coordinate,Fishing Tasmania Hot Fishing Spots - Macquarie Harbour,tas_hot_fishing_spots:128:macquarie_harbour:regatta_point,TAS,-42.179,145.319,True,"Named by Fishing Tasmania Hot Fishing Spots. Verify current rules, health alerts, closures, and local access before user-facing planning.",Fishing Tasmania / NRE Tasmania,https://fishing.tas.gov.au/recreational-fishing/fishing-tips/hot-fishing-spots/macquarie-harbour,True,needs_access_and_closure_check,public_fishing_access_candidate,coastal_estuary,none,official_hot_fishing_spots_page,Regatta Point,shoreline
spot_candidate,Lettes Bay,manual_spot_coordinate,Fishing Tasmania Hot Fishing Spots - Macquarie Harbour,tas_hot_fishing_spots:129:macquarie_harbour:lettes_bay,TAS,-42.191,145.344,True,"Named by Fishing Tasmania Hot Fishing Spots. Verify current rules, health alerts, closures, and local access before user-facing planning.",Fishing Tasmania / NRE Tasmania,https://fishing.tas.gov.au/recreational-fishing/fishing-tips/hot-fishing-spots/macquarie-harbour,True,needs_access_and_closure_check,public_fishing_access_candidate,coastal_estuary,none,official_hot_fishing_spots_page,Lettes Bay,bay
spot_candidate,Kellys Basin,manual_spot_coordinate,Fishing Tasmania Hot Fishing Spots - Macquarie Harbour,tas_hot_fishing_spots:130:macquarie_harbour:kellys_basin,TAS,-42.271,145.627,True,"Named by Fishing Tasmania Hot Fishing Spots. Verify current rules, health alerts, closures, and local access before user-facing planning.",Fishing Tasmania / NRE Tasmania,https://fishing.tas.gov.au/recreational-fishing/fishing-tips/hot-fishing-spots/macquarie-harbour,True,needs_access_and_closure_check,public_fishing_access_candidate,coastal_estuary,none,official_hot_fishing_spots_page,Kellys Basin,basin
spot_candidate,Cape Sorell,manual_spot_coordinate,Fishing Tasmania Hot Fishing Spots - Macquarie Harbour,tas_hot_fishing_spots:131:macquarie_harbour:cape_sorell,TAS,-42.198,145.168,True,"Named by Fishing Tasmania Hot Fishing Spots. Verify current rules, health alerts, closures, and local access before user-facing planning.",Fishing Tasmania / NRE Tasmania,https://fishing.tas.gov.au/recreational-fishing/fishing-tips/hot-fishing-spots/macquarie-harbour,True,needs_access_and_closure_check,public_fishing_access_candidate,coastal_estuary,none,official_hot_fishing_spots_page,Cape Sorell,shoreline
